1068,2025,2,22,21,4,31,799,20,-87.509857,40.390579,186.423996,219.789993,0.261,0.392,0.024,0.021,0.031,0.031,50.977501,0.208,4489.671875
202068,2025,2,22,21,4,32,799,20,-87.509857,40.390579,186.408005,219.774994,0.264,0.401,0.048,-0.062,0.119,0.078,50.977501,0.273,4489.73584
402068,2025,2,22,21,4,32,799,20,-87.509857,40.390579,186.399002,219.764999,0.266,0.405,0.011,0.077,-0.084,0.078,50.977501,0.259,4489.768066
600068,2025,2,22,21,4,32,799,20,-87.509857,40.390579,186.498001,219.863998,0.266,0.406,0.036,-0.004,0.07,0.036,50.977501,0.22,4489.824219
802068,2025,2,22,21,4,32,799,20,-87.509857,40.390579,186.608994,219.975006,0.267,0.406,0.036,0.04,0.133,0.053,50.977501,0.196,4489.875
1002068,2025,2,22,21,4,32,799,20,-87.509857,40.390579,186.662003,220.028,0.266,0.405,-0.019,-0.009,0.024,0.021,50.977501,0.202,4489.899902
1202068,2025,2,22,21,4,33,799,21,-87.509857,40.390579,186.811005,220.177002,0.266,0.404,0.055,0.022,-0.072,0.059,50.977501,0.196,4489.940918
1402068,2025,2,22,21,4,33,799,21,-87.509857,40.390579,186.897995,220.264008,0.265,0.403,-0.016,-0.006,-0.013,0.018,50.977501,0.143,4489.958984
1600068,2025,2,22,21,4,33,799,21,-87.509857,40.390579,187.003998,220.369995,0.264,0.401,0.003,0.074,-0.034,0.074,50.977501,0.141,4489.994141
1802068,2025,2,22,21,4,33,799,21,-87.509857,40.390579,187.158005,220.524002,0.263,0.397,0.007,0.038,-0.035,0.039,50.977501,0.162,4490.036133
2002068,2025,2,22,21,4,33,799,21,-87.509857,40.390579,187.242004,220.608002,0.262,0.396,0.046,0.045,-0.088,0.064,50.977501,0.169,4490.057129
2202068,2025,2,22,21,4,34,799,21,-87.50985,40.390579,187.404007,220.770004,0.261,0.392,-0.054,-0.021,-0.07,0.059,50.977501,0.141,4490.09082
2402068,2025,2,22,21,4,34,799,21,-87.50985,40.390579,187.490997,220.856995,0.26,0.39,0.054,0.048,-0.06,0.072,50.977501,0.142,4490.108887
2600068,2025,2,22,21,4,34,799,21,-87.50985,40.390579,187.597,220.962997,0.258,0.386,0.029,0.026,-0.021,0.039,50.977501,0.124,4490.14502
2804068,2025,2,22,21,4,34,799,21,-87.50985,40.390579,187.742004,221.108002,0.257,0.382,0.034,-0.03,0.021,0.045,50.977501,0.138,4490.184082
3002068,2025,2,22,21,4,34,799,21,-87.50985,40.390579,187.798004,221.164001,0.256,0.38,0.025,0.005,0.018,0.025,50.977501,0.13,4490.200195
3202068,2025,2,22,21,4,35,799,21,-87.50985,40.390579,187.927002,221.292999,0.255,0.377,0.063,0.01,-0.059,0.064,50.977501,0.136,4490.234863
3404068,2025,2,22,21,4,35,799,21,-87.50985,40.390579,187.970993,221.337006,0.254,0.375,-0.008,-0.067,0.118,0.068,50.977501,0.167,4490.255859
3602068,2025,2,22,21,4,35,799,21,-87.50985,40.390579,188.080994,221.447998,0.253,0.372,-0.002,-0.013,0.065,0.013,50.977501,0.172,4490.291992
3803068,2025,2,22,21,4,35,799,21,-87.50985,40.390579,188.197998,221.563995,0.252,0.369,-0.114,0.072,0.047,0.135,116.61174,0.11,3102.022949
4002068,2025,2,22,21,4,35,799,21,-87.50985,40.390579,188.259995,221.626007,0.251,0.367,0.083,-0.002,-0.065,0.084,116.61174,0.124,3102.045898
4202068,2025,2,22,21,4,36,799,21,-87.50985,40.390579,188.345993,221.712997,0.252,0.367,-0.04,-0.008,0.041,0.041,116.61174,0.128,3102.095947
4404068,2025,2,22,21,4,36,799,21,-87.50985,40.390579,188.391006,221.757004,0.252,0.366,-0.007,0.008,0.035,0.011,116.61174,0.138,3102.120117
4603068,2025,2,22,21,4,36,799,21,-87.50985,40.390579,188.453003,221.819,0.248,0.359,-0.056,-0.005,0.007,0.056,116.61174,0.099,3102.166992
4802068,2025,2,22,21,4,36,799,21,-87.50985,40.390579,188.505997,221.871994,0.247,0.356,-0.032,-0.014,0.011,0.035,116.61174,0.095,3102.209961
5001068,2025,2,22,21,4,36,799,21,-87.50985,40.390579,188.535995,221.901993,0.246,0.355,0.005,-0.011,0.075,0.012,116.61174,0.159,3102.239014
5201068,2025,2,22,21,4,37,799,21,-87.50985,40.390579,188.612,221.977997,0.245,0.352,0.011,0.027,0.051,0.029,116.61174,0.129,3102.287109
5401068,2025,2,22,21,4,37,799,21,-87.50985,40.390575,188.626007,221.992004,0.245,0.35,-0.013,-0.046,0.082,0.048,116.61174,0.168,3102.316895
5600068,2025,2,22,21,4,37,799,19,-87.50985,40.390579,188.544998,221.910995,0.248,0.354,0.133,-0.018,0.042,0.135,116.61174,0.187,3102.39209
5800068,2025,2,22,21,4,37,799,20,-87.50985,40.390579,188.507996,221.873993,0.253,0.361,0.006,-0.037,-0.03,0.038,116.61174,0.189,3102.452881
6000068,2025,2,22,21,4,37,799,20,-87.50985,40.390579,188.475998,221.841995,0.257,0.366,0.022,-0.004,0.064,0.022,116.61174,0.272,3102.50293
6200068,2025,2,22,21,4,38,799,20,-87.50985,40.390579,188.408997,221.774994,0.264,0.376,0.114,-0.019,-0.045,0.115,116.61174,0.346,3102.615967
6402068,2025,2,22,21,4,38,799,20,-87.50985,40.390579,188.382004,221.748001,0.269,0.381,0.103,0.009,0.032,0.103,116.61174,0.202,3102.653076
6602068,2025,2,22,21,4,38,799,20,-87.50985,40.390579,188.315994,221.682007,0.274,0.387,0.035,-0.036,0.114,0.05,116.61174,0.251,3102.727051
6802068,2025,2,22,21,4,38,799,21,-87.50985,40.390579,188.259995,221.626007,0.278,0.392,-0.086,-0.037,0.175,0.093,73.565407,0.274,3895.707031
7001068,2025,2,22,21,4,38,799,21,-87.50985,40.390579,188.210999,221.576996,0.279,0.393,0,0.023,0.009,0.023,73.565407,0.123,3895.725098
7202068,2025,2,22,21,4,39,799,21,-87.50985,40.390579,188.143005,221.509003,0.281,0.396,-0.087,0.02,0.014,0.089,73.565407,0.187,3895.779053
7402068,2025,2,22,21,4,39,799,21,-87.50985,40.390579,188.082001,221.447998,0.282,0.397,-0.03,-0.025,0.046,0.039,73.565407,0.225,3895.811035
7602068,2025,2,22,21,4,39,799,21,-87.50985,40.390579,188.018997,221.384995,0.283,0.398,-0.007,0.027,-0.058,0.028,73.565407,0.231,3895.873047
7802068,2025,2,22,21,4,39,799,21,-87.50985,40.390579,187.934998,221.300995,0.283,0.398,0.036,0.061,-0.047,0.071,73.565407,0.174,3895.929932
8000068,2025,2,22,21,4,39,799,21,-87.50985,40.390579,187.884995,221.251007,0.283,0.398,0.012,-0.104,0.102,0.104,73.565407,0.195,3895.958008
8202068,2025,2,22,21,4,40,799,21,-87.509857,40.390579,187.828003,221.194,0.282,0.397,0.045,-0.094,0.016,0.104,73.565407,0.131,3895.98999
8402068,2025,2,22,21,4,40,799,21,-87.509857,40.390579,187.781006,221.147003,0.282,0.396,0.057,-0.013,0.069,0.058,73.565407,0.189,3896.01709
8602068,2025,2,22,21,4,40,799,21,-87.509857,40.390579,187.703995,221.070007,0.281,0.394,-0.028,0.061,-0.011,0.067,73.565407,0.125,3896.064941
8802068,2025,2,22,21,4,40,799,21,-87.509857,40.390579,187.651001,221.016998,0.28,0.392,0.083,-0.037,-0.032,0.091,73.565407,0.126,3896.10791
9002068,2025,2,22,21,4,40,799,21,-87.509857,40.390579,187.617996,220.983994,0.279,0.391,-0.016,0.003,0.011,0.016,73.565407,0.141,3896.128906
9202068,2025,2,22,21,4,41,799,21,-87.509857,40.390579,187.501999,220.867996,0.278,0.388,0.018,-0.003,0.093,0.018,73.565407,0.179,3896.175049
9400068,2025,2,22,21,4,41,799,21,-87.509857,40.390579,187.473999,220.839996,0.278,0.387,0.036,-0.003,-0.122,0.036,73.565407,0.167,3896.198975
9602068,2025,2,22,21,4,41,799,21,-87.509857,40.390579,187.395996,220.763,0.276,0.384,-0.039,0.006,-0.099,0.039,73.565407,0.171,3896.249023
9802068,2025,2,22,21,4,41,799,21,-87.509857,40.390579,187.341003,220.707001,0.275,0.381,-0.036,0.062,-0.168,0.072,73.565407,0.174,3896.300049
10002068,2025,2,22,21,4,41,799,21,-87.509857,40.390579,187.320007,220.686005,0.274,0.38,0.053,-0.016,-0.031,0.055,73.565407,0.12,3896.316895
10202068,2025,2,22,21,4,42,799,21,-87.509857,40.390579,187.223007,220.589005,0.272,0.377,-0.036,-0.005,-0.011,0.037,73.565407,0.113,3896.351074
10400068,2025,2,22,21,4,42,799,21,-87.509857,40.390579,187.151993,220.518005,0.272,0.376,0.058,0.001,-0.065,0.058,73.565407,0.142,3896.371094
10602068,2025,2,22,21,4,42,799,21,-87.509857,40.390579,187.048004,220.414001,0.27,0.373,-0.105,0.001,0.005,0.105,123.011124,0.104,4156.155762
10802068,2025,2,22,21,4,42,799,21,-87.509857,40.390579,186.960999,220.326996,0.268,0.369,0.013,0.001,-0.025,0.013,123.011124,0.144,4156.195801
11002068,2025,2,22,21,4,42,799,21,-87.509857,40.390579,186.923004,220.289001,0.267,0.368,0.039,0.026,0.056,0.047,123.011124,0.124,4156.212891
11202068,2025,2,22,21,4,43,799,21,-87.509857,40.390579,186.856003,220.222,0.265,0.365,0.022,0.014,0.027,0.026,123.011124,0.118,4156.248047
11400068,2025,2,22,21,4,43,799,21,-87.509857,40.390579,186.815994,220.182007,0.264,0.363,0.035,-0.036,-0.002,0.05,123.011124,0.094,4156.259766
11600068,2025,2,22,21,4,43,799,21,-87.509857,40.390579,186.751999,220.117996,0.262,0.361,0.035,0.012,0.007,0.037,123.011124,0.091,4156.289062
11800068,2025,2,22,21,4,43,799,20,-87.509865,40.390579,186.688004,220.054001,0.262,0.36,0.066,-0.054,-0.142,0.085,123.011124,0.182,4156.333008
12000068,2025,2,22,21,4,43,799,19,-87.509865,40.390579,186.679993,220.046005,0.263,0.361,0.02,-0.076,-0.121,0.079,123.011124,0.202,4156.359863
12200068,2025,2,22,21,4,44,799,19,-87.509865,40.390579,186.662994,220.029007,0.267,0.367,-0.062,0.025,-0.079,0.067,123.011124,0.236,4156.420898
12400068,2025,2,22,21,4,44,799,19,-87.509865,40.390579,186.641006,220.007004,0.27,0.371,0.048,0.006,0.038,0.048,123.011124,0.206,4156.449219
12600068,2025,2,22,21,4,44,799,19,-87.509865,40.390579,186.598999,219.964996,0.276,0.38,0.048,0.044,-0.003,0.065,123.011124,0.172,4156.50293
12801068,2025,2,22,21,4,44,799,19,-87.509865,40.390579,186.550003,219.916,0.281,0.386,0.021,-0.021,0.019,0.029,123.011124,0.201,4156.563965
13001068,2025,2,22,21,4,44,799,20,-87.509865,40.390583,186.522995,219.889008,0.282,0.387,0.029,0.02,-0.035,0.035,123.011124,0.205,4156.591797
13202068,2025,2,22,21,4,45,799,20,-87.509865,40.390583,186.429993,219.796005,0.281,0.386,0.024,0.057,-0.086,0.062,123.011124,0.206,4156.649902
13401068,2025,2,22,21,4,45,799,20,-87.509865,40.390583,186.408997,219.774994,0.28,0.385,-0.001,-0.023,-0.004,0.023,123.011124,0.094,4156.663086
13602068,2025,2,22,21,4,45,799,20,-87.509865,40.390583,186.348999,219.714996,0.279,0.384,0.069,0.019,0.001,0.071,123.011124,0.13,4156.704102
13801068,2025,2,22,21,4,45,799,21,-87.509865,40.390583,186.296005,219.662003,0.277,0.382,-0.012,0.047,-0.09,0.048,123.011124,0.197,4156.74707
14002068,2025,2,22,21,4,45,799,21,-87.509865,40.390583,186.278,219.643997,0.276,0.381,-0.092,-0.021,-0.012,0.094,123.011124,0.124,4156.763184
14200068,2025,2,22,21,4,46,799,21,-87.509865,40.390583,186.235992,219.602005,0.274,0.378,0.024,-0.014,0.058,0.028,123.011124,0.187,4156.813965
14401068,2025,2,22,21,4,46,799,21,-87.509865,40.390583,186.209,219.576004,0.273,0.376,0.028,-0.002,-0.016,0.028,123.011124,0.148,4156.833984
14602068,2025,2,22,21,4,46,799,21,-87.509865,40.390587,186.171997,219.537994,0.271,0.373,-0.004,-0.003,-0.001,0.005,123.011124,0.115,4156.874023
14800068,2025,2,22,21,4,46,799,21,-87.509865,40.390587,186.173004,219.539001,0.268,0.371,0.052,-0.098,0.064,0.111,123.011124,0.148,4156.907227
15002068,2025,2,22,21,4,46,799,21,-87.509865,40.390587,186.164993,219.531006,0.267,0.369,-0.041,0.048,0.05,0.064,123.011124,0.129,4156.923828
15202068,2025,2,22,21,4,47,799,20,-87.509865,40.390587,186.179001,219.544998,0.265,0.367,0.06,-0.006,0.04,0.06,123.011124,0.139,4156.959961
15402068,2025,2,22,21,4,47,799,21,-87.509865,40.390587,186.188004,219.554001,0.264,0.365,0.001,-0.018,0.001,0.018,123.011124,0.091,4156.972168
15602068,2025,2,22,21,4,47,799,21,-87.509865,40.390587,186.175003,219.541,0.261,0.362,-0.009,0.03,-0.051,0.031,123.011124,0.168,4157.018066
15800068,2025,2,22,21,4,47,799,21,-87.509865,40.390587,186.173004,219.539001,0.259,0.358,0.03,0.027,-0.027,0.04,123.011124,0.128,4157.051758
16002068,2025,2,22,21,4,47,799,21,-87.509865,40.390587,186.164001,219.529999,0.258,0.357,-0.019,-0.057,0.112,0.06,123.011124,0.161,4157.074219
16200068,2025,2,22,21,4,48,799,21,-87.509865,40.390587,186.179993,219.546005,0.256,0.354,0.007,-0.064,0.09,0.064,123.011124,0.159,4157.11084
16401068,2025,2,22,21,4,48,799,21,-87.509865,40.390587,186.192993,219.559006,0.255,0.353,-0.046,0.079,-0.027,0.091,123.011124,0.117,4157.126953
16602068,2025,2,22,21,4,48,799,21,-87.509865,40.390587,186.216003,219.582001,0.253,0.349,-0.057,0.004,0.002,0.057,123.011124,0.107,4157.151855
16801068,2025,2,22,21,4,48,799,20,-87.509865,40.390587,186.238007,219.604004,0.251,0.346,0.053,-0.021,0.004,0.057,123.011124,0.109,4157.187012
17002068,2025,2,22,21,4,48,799,21,-87.509865,40.390587,186.253998,219.619995,0.25,0.344,0.012,-0.008,0.059,0.015,123.011124,0.16,4157.208008
17202068,2025,2,22,21,4,49,799,20,-87.509865,40.390587,186.292999,219.658997,0.248,0.341,0.013,-0.026,0.035,0.029,123.011124,0.149,4157.249023
17402068,2025,2,22,21,4,49,799,20,-87.509872,40.390591,186.298004,219.664001,0.247,0.34,-0.034,-0.006,0.015,0.035,123.011124,0.11,4157.26416
17602068,2025,2,22,21,4,49,799,21,-87.509872,40.390591,186.330994,219.697006,0.245,0.337,0.007,-0.007,-0.002,0.01,123.011124,0.092,4157.291016
17800068,2025,2,22,21,4,49,799,21,-87.509872,40.390591,186.363998,219.729996,0.243,0.334,0.018,0.039,-0.01,0.043,123.011124,0.084,4157.316895
18000068,2025,2,22,21,4,49,799,21,-87.509872,40.390591,186.371002,219.737,0.243,0.333,0.135,0.13,-0.062,0.188,78.574097,0.104,3675.738037
18200068,2025,2,22,21,4,50,799,20,-87.509872,40.390591,186.404007,219.770996,0.243,0.333,-0.088,-0.003,0.117,0.088,78.574097,0.193,3675.798096
18400068,2025,2,22,21,4,50,799,19,-87.509872,40.390591,186.386993,219.753006,0.245,0.337,-0.002,-0.013,-0.012,0.013,78.574097,0.197,3675.827881
18600068,2025,2,22,21,4,50,799,19,-87.509872,40.390587,186.332993,219.699005,0.253,0.348,-0.076,0.022,0.054,0.079,118.944962,0.297,3679.451904
18799068,2025,2,22,21,4,50,799,19,-87.509872,40.390587,186.298004,219.664001,0.261,0.363,0.056,0.017,-0.008,0.059,118.944962,0.213,3679.531982
19000068,2025,2,22,21,4,50,799,19,-87.509872,40.390587,186.253998,219.619995,0.265,0.37,-0.141,-0.027,0.147,0.143,118.944962,0.3,3679.577881
19199068,2025,2,22,21,4,51,799,20,-87.509872,40.390587,186.201996,219.567993,0.271,0.38,0.009,-0.022,0.142,0.023,118.944962,0.274,3679.665039
19400068,2025,2,22,21,4,51,799,21,-87.509872,40.390591,186.186996,219.552994,0.273,0.384,0.088,-0.056,-0.036,0.104,118.944962,0.188,3679.694092
19600068,2025,2,22,21,4,51,799,21,-87.509872,40.390591,186.139999,219.505997,0.273,0.387,-0.023,-0.042,0.024,0.047,118.944962,0.151,3679.746094
19800068,2025,2,22,21,4,51,799,21,-87.509872,40.390591,186.115997,219.481995,0.272,0.388,0.023,-0.063,0.029,0.067,118.944962,0.16,3679.792969
20000068,2025,2,22,21,4,51,799,21,-87.509872,40.390591,186.113998,219.479996,0.272,0.389,-0.063,0,0.011,0.063,118.944962,0.14,3679.813965
20200068,2025,2,22,21,4,52,799,21,-87.509872,40.390591,186.121002,219.487,0.271,0.389,0.088,-0.034,-0.02,0.095,118.944962,0.148,3679.86499
20402068,2025,2,22,21,4,52,799,21,-87.509872,40.390591,186.130997,219.496994,0.27,0.389,0.018,0.026,0.027,0.032,118.944962,0.124,3679.884033
20601068,2025,2,22,21,4,52,799,21,-87.509872,40.390591,186.141998,219.507996,0.268,0.388,0.008,0.007,0.049,0.01,118.944962,0.184,3679.933105
20802068,2025,2,22,21,4,52,799,21,-87.509872,40.390591,186.173004,219.539001,0.267,0.386,0.039,-0.013,-0.004,0.041,118.944962,0.137,3679.98291
21001068,2025,2,22,21,4,52,799,21,-87.509872,40.390591,186.169006,219.535004,0.266,0.385,-0.005,-0.003,0.064,0.006,118.944962,0.2,3680.013916
21200068,2025,2,22,21,4,53,799,21,-87.509872,40.390591,186.128998,219.494995,0.264,0.383,-0.011,0.069,-0.026,0.07,118.944962,0.129,3680.053955
21401068,2025,2,22,21,4,53,799,21,-87.509872,40.390591,186.138,219.503998,0.263,0.382,0.024,-0.024,-0.02,0.034,118.944962,0.127,3680.073975
21602068,2025,2,22,21,4,53,799,21,-87.509872,40.390591,186.126007,219.492004,0.26,0.379,0.059,0.011,-0.033,0.06,118.944962,0.133,3680.118896
21805068,2025,2,22,21,4,53,799,21,-87.509872,40.390591,186.097,219.462997,0.258,0.377,0.029,-0.035,-0.031,0.046,118.944962,0.112,3680.163086
22002068,2025,2,22,21,4,53,799,21,-87.509872,40.390591,186.098007,219.464005,0.257,0.376,-0.028,-0.009,-0.042,0.03,118.944962,0.148,3680.186035
22200068,2025,2,22,21,4,54,799,21,-87.509872,40.390591,186.108994,219.475006,0.255,0.373,0.002,-0.033,0.059,0.033,118.944962,0.161,3680.236084
22403068,2025,2,22,21,4,54,799,20,-87.509872,40.390591,186.067001,219.432999,0.254,0.372,-0.072,0.04,-0.057,0.082,118.944962,0.142,3680.25708
22602068,2025,2,22,21,4,54,799,21,-87.509872,40.390591,186.072998,219.438995,0.252,0.369,-0.039,0.063,-0.063,0.074,118.944962,0.147,3680.299072
22802068,2025,2,22,21,4,54,799,21,-87.509872,40.390591,186.054993,219.421005,0.25,0.366,-0.028,-0.023,-0.019,0.036,118.944962,0.095,3680.334961
23002068,2025,2,22,21,4,54,799,21,-87.509872,40.390591,186.056,219.421997,0.249,0.364,-0.04,-0.006,-0.021,0.041,118.944962,0.117,3680.353027
23202068,2025,2,22,21,4,55,799,21,-87.509872,40.390591,186.054993,219.421005,0.247,0.361,0.07,-0.001,0.027,0.07,118.944962,0.111,3680.394043
23402068,2025,2,22,21,4,55,799,21,-87.509872,40.390591,186.048996,219.414993,0.246,0.36,-0.07,-0.004,0.008,0.071,118.944962,0.099,3680.408936
23602068,2025,2,22,21,4,55,799,21,-87.509872,40.390591,186.052002,219.417999,0.244,0.357,0.025,0.02,-0.002,0.032,118.944962,0.081,3680.434082
23802068,2025,2,22,21,4,55,799,21,-87.509872,40.390591,186.050995,219.417007,0.242,0.354,-0.025,-0.055,0.02,0.061,118.944962,0.089,3680.467041
24002068,2025,2,22,21,4,55,799,21,-87.509872,40.390591,186.050995,219.417007,0.242,0.352,-0.045,0.001,-0.033,0.045,118.944962,0.122,3680.485107
24202068,2025,2,22,21,4,56,799,21,-87.509872,40.390591,186.039993,219.406006,0.24,0.349,-0.044,0.029,0.075,0.053,118.944962,0.121,3680.525879
24401068,2025,2,22,21,4,56,799,21,-87.509872,40.390591,186.029999,219.395996,0.239,0.348,-0.003,-0.076,0,0.077,118.944962,0.088,3680.539062
24600068,2025,2,22,21,4,56,799,21,-87.509872,40.390591,185.979996,219.345993,0.241,0.349,-0.132,0.03,-0.032,0.136,118.944962,0.185,3680.582031
24800068,2025,2,22,21,4,56,799,20,-87.509872,40.390591,185.962006,219.328003,0.246,0.357,-0.047,0.028,-0.012,0.054,118.944962,0.252,3680.656982
25000068,2025,2,22,21,4,56,799,20,-87.509872,40.390591,185.949997,219.315994,0.25,0.362,-0.024,0.016,0.02,0.029,118.944962,0.277,3680.699951
25200068,2025,2,22,21,4,57,799,20,-87.509872,40.390591,185.932999,219.298996,0.258,0.374,-0.039,0.108,-0.04,0.115,118.944962,0.219,3680.775879
25400068,2025,2,22,21,4,57,799,20,-87.509872,40.390591,185.927994,219.294006,0.261,0.38,0.074,-0.03,-0.085,0.08,118.944962,0.304,3680.822998
25600068,2025,2,22,21,4,57,799,20,-87.509872,40.390591,185.925995,219.292007,0.266,0.386,-0.032,0.026,0.032,0.041,118.944962,0.2,3680.886963
25801068,2025,2,22,21,4,57,799,21,-87.509872,40.390591,185.944,219.309998,0.266,0.385,-0.004,0.011,-0.035,0.012,118.944962,0.216,3680.940918
26002068,2025,2,22,21,4,57,799,21,-87.509872,40.390591,185.972,219.337997,0.266,0.384,-0.032,0.068,-0.039,0.075,118.944962,0.173,3680.967041
26202068,2025,2,22,21,4,58,799,20,-87.509872,40.390591,186.046005,219.412003,0.266,0.383,-0.081,0.033,-0.124,0.088,118.944962,0.203,3681.030029
26402068,2025,2,22,21,4,58,799,21,-87.509872,40.390591,186.069,219.434998,0.266,0.382,0.073,-0.039,-0.119,0.083,118.944962,0.176,3681.056885
26600068,2025,2,22,21,4,58,799,21,-87.509872,40.390591,186.113007,219.479004,0.265,0.38,0.016,0.028,-0.145,0.032,118.944962,0.204,3681.120117
26803068,2025,2,22,21,4,58,799,21,-87.509872,40.390591,186.195999,219.563004,0.264,0.377,-0.029,0.006,-0.032,0.03,118.944962,0.181,3681.172119
27002068,2025,2,22,21,4,58,799,21,-87.509872,40.390591,186.227997,219.593994,0.264,0.376,-0.056,-0.022,-0.043,0.06,118.944962,0.143,3681.194092
27202068,2025,2,22,21,4,59,799,21,-87.509872,40.390591,186.313004,219.679001,0.263,0.373,-0.004,-0.001,-0.076,0.004,118.944962,0.189,3681.25293
27403068,2025,2,22,21,4,59,799,21,-87.509872,40.390591,186.352997,219.718994,0.262,0.371,-0.019,-0.03,-0.011,0.035,118.944962,0.082,3681.264893
27600068,2025,2,22,21,4,59,799,21,-87.509872,40.390591,186.436005,219.802002,0.261,0.368,0.03,-0.049,0.06,0.057,118.944962,0.173,3681.314941
27802068,2025,2,22,21,4,59,799,21,-87.509872,40.390591,186.535995,219.901993,0.259,0.365,0.033,-0.036,0.069,0.049,118.944962,0.17,3681.356934
28002068,2025,2,22,21,4,59,799,21,-87.509872,40.390591,186.565994,219.932007,0.258,0.363,0.001,-0.015,0.056,0.015,118.944962,0.177,3681.384033
28202068,2025,2,22,21,5,0,799,21,-87.509872,40.390591,186.662994,220.029007,0.256,0.36,0.032,0.009,-0.019,0.034,118.944962,0.126,3681.427979
28402068,2025,2,22,21,5,0,799,21,-87.509872,40.390591,186.729004,220.095001,0.256,0.358,0.059,-0.027,0.068,0.065,118.944962,0.152,3681.450928
28602068,2025,2,22,21,5,0,799,21,-87.509872,40.390591,186.824005,220.190002,0.254,0.355,0.018,0.033,-0.022,0.037,118.944962,0.124,3681.49292
28803068,2025,2,22,21,5,0,799,21,-87.509872,40.390591,186.923996,220.289993,0.252,0.352,0.034,0.019,0.002,0.039,118.944962,0.09,3681.530029
29001068,2025,2,22,21,5,0,799,20,-87.509872,40.390591,186.964996,220.330994,0.251,0.35,0.085,0.017,-0.04,0.087,118.944962,0.117,3681.548096
29202068,2025,2,22,21,5,1,799,20,-87.509872,40.390591,187.065002,220.431,0.25,0.346,0.02,0.023,-0.011,0.03,118.944962,0.106,3681.589111
29404068,2025,2,22,21,5,1,799,21,-87.509872,40.390591,187.087997,220.453995,0.249,0.344,0.039,-0.018,-0.01,0.043,118.944962,0.105,3681.60498
29602068,2025,2,22,21,5,1,799,21,-87.509872,40.390591,187.141006,220.507004,0.247,0.34,0.039,0.021,-0.021,0.045,118.944962,0.107,3681.64209
29802068,2025,2,22,21,5,1,799,20,-87.509872,40.390591,187.190002,220.556,0.245,0.337,0.013,0.021,-0.019,0.025,118.944962,0.122,3681.674072
30000068,2025,2,22,21,5,1,799,20,-87.509872,40.390591,187.210007,220.576004,0.244,0.335,-0.024,0.011,0.001,0.027,118.944962,0.103,3681.688965
30202068,2025,2,22,21,5,2,799,21,-87.509872,40.390591,187.244995,220.610992,0.242,0.332,-0.186,0.281,-0.172,0.337,122.360962,0.172,2149.052979
30403068,2025,2,22,21,5,2,799,19,-87.509872,40.390591,187.485992,220.852005,0.242,0.332,-0.41,-0.139,-3.778,0.433,138.561096,0.77,4144.012207
30605068,2025,2,22,21,5,2,799,17,-87.509872,40.390591,190.375,223.740997,0.248,0.348,0.564,0.658,-17.445999,0.867,138.561096,1.307,4771.964844
30805068,2025,2,22,21,5,2,799,17,-87.509872,40.390591,195.348007,228.714005,0.291,0.408,3.475,-3.165,-18.312,4.7,317.67041,3.189,3603.237061
31004068,2025,2,22,21,5,2,799,14,-87.509872,40.390591,197.781998,231.147995,0.367,0.48,1.444,-4.529,-20.865999,4.754,287.687256,3.048,4159.445801
31205068,2025,2,22,21,5,2,799,14,-87.50988,40.390594,200.311005,233.677002,0.449,0.56,2.825,-5.985,-21.874001,6.618,295.270355,2.81,2739.63208
31405068,2025,2,22,21,5,3,799,16,-87.509888,40.390606,202.953995,236.320007,0.612,0.71,5.24,-1.592,-9.754,5.477,343.102509,4.053,3529.417969
31605068,2025,2,22,21,5,3,799,15,-87.509895,40.390617,204.264008,237.630005,0.758,0.866,5.101,-2.105,-7.181,5.518,337.572449,4.77,4024.533936
31805068,2025,2,22,21,5,3,799,12,-87.509903,40.390629,205.742004,239.108002,0.894,1.045,4.434,-2.24,-10.07,4.968,338.672974,5.608,4891.798828
32004068,2025,2,22,21,5,3,799,12,-87.509903,40.390633,207.223007,240.589005,0.973,1.152,4.002,-2.307,-11.823,4.619,338.672974,5.438,5012.762207
32208068,2025,2,22,21,5,4,799,11,-87.509911,40.390644,210.841003,244.207001,1.128,1.369,4.824,-0.963,-14.483,4.919,348.708008,5.075,4071.339111
32408068,2025,2,22,21,5,4,799,8,-87.509911,40.390648,212.565002,245.931,1.212,1.519,5.087,-0.339,-14.098,5.098,356.190948,4.791,4017.508057
32606068,2025,2,22,21,5,4,799,9,-87.509911,40.390659,215.981995,249.348999,1.469,1.911,3.301,0.808,-14.29,3.399,359.630066,4.67,6623.349121
32808068,2025,2,22,21,5,4,799,10,-87.509911,40.390663,217.679993,251.046005,1.651,2.146,3.741,0.909,-14.01,3.85,359.630066,4.334,5235.241211
33006068,2025,2,22,21,5,4,799,12,-87.509941,40.390709,213.897003,247.263,1.67,2.252,11.788,-8.008,-4.576,14.251,325.811218,1.957,971.560974
33208068,2025,2,22,21,5,5,799,14,-87.509972,40.390747,211.645996,245.011993,1.639,2.416,11.048,-8.8,1.803,14.125,321.461823,1.194,748.422974
33408068,2025,2,22,21,5,5,799,12,-87.509987,40.390762,210.492996,243.858994,1.623,2.58,10.368,-10.339,2.52,14.642,315.078827,1.115,669.495972
33606068,2025,2,22,21,5,5,799,11,-87.510025,40.390789,209.061005,242.427002,1.59,3.215,10.034,-9.723,0.884,13.971,315.901947,0.79,585.536011
33808068,2025,2,22,21,5,5,799,8,-87.510063,40.3908,235.197998,268.563995,1.57,3.214,4.691,-9.204,-57.828999,10.331,297.004425,3.898,1076.310059
34008068,2025,2,22,21,5,5,799,8,-87.510086,40.390808,243.770996,277.136993,1.717,3.667,3.34,-10.574,-61.714001,11.089,287.53067,3.905,765.203979
34207068,2025,2,22,21,5,6,799,8,-87.510124,40.390808,261.825012,295.19101,2.232,5.096,2.227,-10.377,-65.563004,10.613,282.111969,2.848,465.276001
34406068,2025,2,22,21,5,6,799,8,-87.510147,40.390808,271.131989,304.497986,2.528,5.933,2.252,-10.159,-65.362999,10.406,282.497894,2.481,398.339996
34608068,2025,2,22,21,5,6,799,9,-87.510193,40.390808,288.894012,322.260986,2.868,7.07,2.534,-10.957,-60.730999,11.246,283.021027,1.953,323.757996
34806068,2025,2,22,21,5,6,799,8,-87.510246,40.390797,308.855988,342.221985,3.311,8.514,3.239,-10.11,-57.176998,10.616,287.765137,1.526,265.957001
35006068,2025,2,22,21,5,6,799,8,-87.510269,40.390789,320.488007,353.854004,3.569,9.347,3.059,-10.425,-55.516998,10.865,286.35379,1.37,239.341003
35205068,2025,2,22,21,5,7,799,9,-87.510323,40.39077,344.028992,377.394989,3.884,10.498,2.351,-10.513,-52.432999,10.773,282.603485,1.1,204.300003
35405068,2025,2,22,21,5,7,799,7,-87.510345,40.390766,353.627991,386.993988,3.837,10.516,3.099,-10.362,-50.547001,10.816,286.649933,1.099,222.057999
35606068,2025,2,22,21,5,7,799,8,-87.510384,40.390762,373.596985,406.963013,3.835,10.773,3.035,-9.459,-47.415001,9.934,287.787933,1.353,193.134003
35808068,2025,2,22,21,5,7,799,12,-87.510399,40.390759,384.464996,417.830994,3.835,10.839,2.724,-9.323,-46.292999,9.713,286.28775,0.86,199.205994
36008068,2025,2,22,21,5,7,799,8,-87.510429,40.390751,406.751007,440.117004,3.89,11.098,2.054,-9.785,-43.040001,9.998,281.855865,0.744,172.317001
36208068,2025,2,22,21,5,8,799,11,-87.51046,40.390747,426.671997,460.037994,3.623,10.46,3.409,-9.564,-39.959,10.153,289.617371,0.997,165.498993
36405068,2025,2,22,21,5,8,799,12,-87.510498,40.390743,442.200989,475.566986,3.527,10.276,3.323,-8.68,-36.973,9.294,290.947388,0.783,144.052002
36607068,2025,2,22,21,5,8,799,15,-87.510506,40.390736,452.483002,485.848999,3.349,9.786,3.067,-8.654,-35.127998,9.182,289.513214,0.637,137.638
36810068,2025,2,22,21,5,8,799,14,-87.510529,40.390732,461.950989,495.316986,3.197,9.299,2.875,-8.395,-34.251999,8.873,288.906921,0.655,261.463013
37006068,2025,2,22,21,5,8,799,12,-87.510559,40.390728,478.205994,511.571991,2.924,8.381,2.642,-8.519,-30.914,8.919,287.227509,0.748,222.404999
37206068,2025,2,22,21,5,9,799,11,-87.510574,40.390732,489.490997,522.856995,2.988,8.127,0.418,-6.907,-29.231001,6.92,273.465088,1.305,993.127991
37406068,2025,2,22,21,5,9,799,9,-87.510582,40.390736,494.437988,527.804016,2.927,7.593,0.307,-9.145,-29.1,9.15,271.922394,1.5,995.479004
37606068,2025,2,22,21,5,9,799,9,-87.510605,40.390743,504.537994,537.903992,2.875,6.781,2.248,-8.761,-26.627001,9.045,284.39325,2.06,1102.774048
37807068,2025,2,22,21,5,9,799,10,-87.510628,40.390751,515.718018,549.083984,3.167,6.832,2.329,-7.26,-26.268,7.624,287.78479,2.033,1189.699951
38006068,2025,2,22,21,5,9,799,10,-87.510628,40.390759,521.190979,554.557007,3.144,6.546,3.306,-8.351,-25.982,8.982,291.598236,1.961,1050.160034
38206068,2025,2,22,21,5,10,799,10,-87.510651,40.390766,531.174011,564.539978,3.105,6.024,2.73,-8.034,-22.259001,8.485,288.766693,2.048,1079.452026
38406068,2025,2,22,21,5,10,799,10,-87.510658,40.390778,536.362,569.728027,3.103,5.858,2.451,-8.368,-19.573,8.719,286.326324,2.013,941.432007
38606068,2025,2,22,21,5,10,799,13,-87.510666,40.390793,548.124023,581.48999,3.073,5.442,2.506,-7.908,-15.523,8.295,287.582825,1.514,853.304016
38806068,2025,2,22,21,5,10,799,15,-87.510681,40.390808,558.554016,591.919983,2.82,4.686,2.817,-7.668,-12.547,8.169,290.174255,1.266,739.338013
39006068,2025,2,22,21,5,10,799,15,-87.510689,40.390812,563.716003,597.08197,2.697,4.342,2.974,-7.713,-10.8,8.266,291.08313,1.087,615.679016
39208068,2025,2,22,21,5,11,799,15,-87.510704,40.390827,572.328003,605.69397,2.418,3.692,3.449,-7.41,-8.07,8.174,294.958282,0.77,495.414001
39406068,2025,2,22,21,5,11,799,14,-87.510704,40.390835,575.148987,608.515015,2.174,3.282,3.602,-7.452,-6.623,8.277,295.799316,0.665,440.549988
39610068,2025,2,22,21,5,11,799,16,-87.510727,40.390846,580.133972,613.5,1.763,2.599,3.627,-7.282,-4.288,8.135,296.476318,0.461,339.062012
39809068,2025,2,22,21,5,11,799,16,-87.51075,40.390854,583.038025,616.403992,1.418,2.074,3.56,-6.981,-1.917,7.836,297.018555,0.331,280.394012
40010068,2025,2,22,21,5,11,799,15,-87.510757,40.390858,583.880005,617.245972,1.266,1.855,3.504,-7.171,-0.788,7.981,296.042114,0.282,249.783997
40210068,2025,2,22,21,5,12,799,16,-87.51078,40.390865,584.96698,618.333008,1.032,1.519,3.447,-6.91,1.849,7.722,296.474091,0.26,258.580994
40408068,2025,2,22,21,5,12,799,17,-87.510796,40.390869,585.086975,618.453003,0.931,1.363,3.941,-6.752,2.254,7.818,300.273346,0.402,318.21701
40606068,2025,2,22,21,5,12,799,16,-87.510818,40.390881,585.096008,618.461975,0.911,1.317,4.684,-5.623,1.227,7.319,304.175507,0.728,688.059998
40805068,2025,2,22,21,5,12,799,15,-87.510834,40.390888,585.187988,618.554016,0.919,1.315,2.771,-7.37,5.19,7.874,290.604797,0.85,564.317993
41006068,2025,2,22,21,5,12,799,16,-87.510849,40.390892,584.835999,618.202026,0.923,1.311,3.415,-6.065,6.816,6.96,299.383026,0.795,623.546997
41206068,2025,2,22,21,5,13,799,16,-87.510864,40.3909,583.564026,616.929993,0.92,1.291,2.976,-4.926,8.279,5.755,301.138367,0.788,699.304016
41408068,2025,2,22,21,5,13,799,16,-87.510872,40.390903,582.908997,616.275024,0.916,1.269,3.191,-4.178,8.746,5.257,307.36795,0.734,749.906982
41610068,2025,2,22,21,5,13,799,15,-87.51088,40.390907,581.34198,614.708008,0.914,1.238,4.336,-1.829,10.394,4.706,337.123627,0.614,769.893005
41805068,2025,2,22,21,5,13,799,18,-87.510887,40.390911,580.291992,613.65802,0.914,1.227,4.953,-1.334,12.072,5.13,344.930695,0.572,580.91803
42006068,2025,2,22,21,5,13,799,18,-87.510887,40.390923,577.315979,610.682007,0.863,1.152,4.658,-0.976,14.596,4.759,348.161469,0.618,591.106018
42206068,2025,2,22,21,5,14,799,19,-87.510887,40.39093,573.531982,606.89801,0.845,1.118,4.638,-0.944,14.242,4.733,348.490906,0.585,527.116028
42406068,2025,2,22,21,5,14,799,18,-87.510887,40.390938,571.713989,605.080017,0.828,1.097,4.294,-0.395,13.989,4.312,354.738678,0.51,482.638
42606068,2025,2,22,21,5,14,799,18,-87.51088,40.390949,568.059998,601.426025,0.778,1.053,4.359,0.797,14.465,4.431,10.36347,0.44,352.528992
42805068,2025,2,22,21,5,14,799,18,-87.510872,40.390953,566.184021,599.549988,0.753,1.032,4.789,0.968,14.963,4.886,11.42764,0.452,308.904999
43006068,2025,2,22,21,5,14,799,17,-87.510872,40.390965,562.413025,595.778992,0.712,0.989,3.628,0.736,15.379,3.702,11.47142,0.416,398.252014
43205068,2025,2,22,21,5,15,799,17,-87.510864,40.390972,558.221008,591.586975,0.691,0.965,3.677,0.551,17.002001,3.719,8.52779,0.449,421.347992
43406068,2025,2,22,21,5,15,799,20,-87.510864,40.390976,555.948975,589.315002,0.683,0.957,4.306,0.797,17.629,4.379,10.48219,0.439,354.743011
43605068,2025,2,22,21,5,15,799,19,-87.510864,40.390987,551.39801,584.763977,0.716,0.981,5.329,0.723,18.719999,5.378,7.7274,0.935,849.406006
43806068,2025,2,22,21,5,15,799,19,-87.510864,40.390991,549.086975,582.453979,0.749,1.007,5.144,1.789,18.445,5.447,19.179939,1.109,1152.977051
44005068,2025,2,22,21,5,15,799,18,-87.510857,40.391003,544.539978,577.906006,0.835,1.073,3.641,0.789,18.174,3.726,12.22814,1.152,1645.805054
44204068,2025,2,22,21,5,16,799,18,-87.510857,40.391006,539.976013,573.34198,0.92,1.156,3.412,0.455,18.207001,3.442,7.59527,1.266,1918.140015
44406068,2025,2,22,21,5,16,799,18,-87.510857,40.39101,537.64502,571.010986,0.964,1.202,3.645,0.346,18.566,3.661,5.41792,1.497,2039.807983
44608068,2025,2,22,21,5,16,799,16,-87.510857,40.391006,533.609985,566.976013,1.03,1.313,-2.503,0.087,18.287001,2.504,5.41792,2.334,4524.641113
44810068,2025,2,22,21,5,16,799,13,-87.510857,40.390999,530.013,563.379028,1.398,1.846,-3.311,1.011,18.139,3.462,163.017838,2.844,4165.650879
45008068,2025,2,22,21,5,16,799,17,-87.510849,40.390999,528.244995,561.611023,1.22,1.631,0.35,3.879,18.423,3.895,84.841263,2.347,2369.090088
45204068,2025,2,22,21,5,16,799,18,-87.510841,40.391003,525.778015,559.143982,1.082,1.467,1.487,6.465,18.757,6.634,77.04818,2.022,998.609009
45605068,2025,2,22,21,5,17,799,19,-87.510796,40.391006,517.775024,551.140991,1.78,1.671,0.206,7.513,19.93,7.516,88.42688,1.422,553.184998
45806068,2025,2,22,21,5,17,799,18,-87.510757,40.39101,510.221985,543.588013,1.63,1.496,-0.99,6.177,20.577999,6.256,99.104919,0.827,569.942993
46005068,2025,2,22,21,5,17,799,18,-87.510742,40.391014,507.403015,540.768982,1.525,1.428,-1.082,6.189,20.657,6.283,99.920937,0.736,506.290009
46204068,2025,2,22,21,5,18,799,18,-87.510712,40.391018,502.105988,535.471985,1.356,1.321,-1.457,6.688,19.662001,6.845,102.288643,0.601,429.493988
46406068,2025,2,22,21,5,18,799,18,-87.510704,40.391018,499.411987,532.778015,1.288,1.278,-1.828,7.355,18.396999,7.579,103.959183,0.622,405.272003
46606068,2025,2,22,21,5,18,799,18,-87.510674,40.391014,494.48999,527.856018,1.164,1.199,-2.036,6.968,17.625,7.26,106.288322,0.53,311.820007
46806068,2025,2,22,21,5,18,799,19,-87.510666,40.391014,492.062012,525.427979,1.103,1.16,-2.187,7.075,17.546,7.405,107.174782,0.474,270.471985
47006068,2025,2,22,21,5,18,799,19,-87.510643,40.391014,487.022003,520.388,1.001,1.089,-1.753,5.718,18.716999,5.98,107.041618,0.405,278.414001
47205068,2025,2,22,21,5,19,799,20,-87.510628,40.391014,481.897003,515.263,0.93,1.037,-0.547,4.549,19.208,4.582,96.8573,0.467,376.027008
47408068,2025,2,22,21,5,19,799,19,-87.510628,40.391014,479.285004,512.651001,0.903,1.017,0.246,3.581,18.664,3.59,86.069923,0.446,463.653992
47606068,2025,2,22,21,5,19,799,20,-87.510605,40.391018,474.286011,507.652008,0.847,0.976,1.761,2.717,18.677999,3.238,57.058022,0.397,429.528015
47806068,2025,2,22,21,5,19,799,20,-87.510605,40.391022,471.873993,505.23999,0.822,0.957,1.623,2.318,18.414,2.829,54.991058,0.392,465.589996
48006068,2025,2,22,21,5,19,799,20,-87.510597,40.391026,467.115997,500.481995,0.777,0.924,1.345,2.597,17.767,2.925,62.622688,0.357,418.394989
48206068,2025,2,22,21,5,20,799,20,-87.51059,40.391026,462.300995,495.666992,0.736,0.895,0.331,3.417,17.731001,3.433,84.472137,0.346,353.291992
48406068,2025,2,22,21,5,20,799,20,-87.510582,40.391026,459.989014,493.355011,0.716,0.881,-0.038,3.998,17.097,3.998,90.54306,0.346,317.028992
48604068,2025,2,22,21,5,20,799,19,-87.510574,40.391026,455.252014,488.618011,0.68,0.854,-0.338,4.819,18.412001,4.831,94.011742,0.34,254.751007
48805068,2025,2,22,21,5,20,799,19,-87.510567,40.391026,452.869995,486.235992,0.667,0.844,-0.511,5.481,18.746,5.505,95.328918,0.404,264.026001
49006068,2025,2,22,21,5,20,799,19,-87.510544,40.391026,448.065002,481.431,0.64,0.827,-0.653,6.976,18.576,7.006,95.345222,0.371,171.682999
49207068,2025,2,22,21,5,21,799,20,-87.510521,40.391026,443.32901,476.696014,0.612,0.805,-0.936,8.243,18.575001,8.295,96.478622,0.278,122.116997
49406068,2025,2,22,21,5,21,799,20,-87.510513,40.391026,441.029999,474.395996,0.601,0.796,-1.033,8.36,18.278,8.424,97.043442,0.269,119.525002
49604068,2025,2,22,21,5,21,799,19,-87.51049,40.391026,436.503998,469.869995,0.582,0.779,-1.458,7.406,17.459999,7.549,101.139618,0.317,144.966003
49805068,2025,2,22,21,5,21,799,19,-87.510468,40.391022,432.153992,465.519989,0.61,0.795,-1.749,7.189,17.596001,7.398,103.677361,0.651,841.190002
50005068,2025,2,22,21,5,21,799,19,-87.51046,40.391018,429.899994,463.265991,0.649,0.81,-1.782,6.828,18.191,7.056,104.627121,0.713,936.04303
50205068,2025,2,22,21,5,22,799,19,-87.510437,40.391014,425.115997,458.481995,0.705,0.844,-1.181,6.505,19.297001,6.611,100.290703,0.67,768.991028
50405068,2025,2,22,21,5,22,799,19,-87.510429,40.391014,422.67099,456.036987,0.724,0.858,-0.678,6.22,19.507,6.256,96.216919,0.619,770.297974
50604068,2025,2,22,21,5,22,799,19,-87.510406,40.391014,417.703003,451.069,0.763,0.888,-0.168,5.51,19.497,5.512,91.745483,0.682,1229.503052
50806068,2025,2,22,21,5,22,799,19,-87.510391,40.39101,412.84201,446.208008,0.823,0.934,-1.139,6.07,19.08,6.176,100.627838,1.131,1080.180054
51007068,2025,2,22,21,5,22,799,19,-87.510384,40.39101,410.398987,443.765015,0.856,0.975,-1.32,5.523,18.985001,5.679,103.441338,1.162,1156.642944
51206068,2025,2,22,21,5,23,799,16,-87.510368,40.391006,405.671997,439.037994,0.911,1.045,-1.109,5.385,19.393999,5.498,101.640182,1.084,1343.321045
51408068,2025,2,22,21,5,23,799,16,-87.510361,40.391006,403.169006,436.536011,0.937,1.084,-0.795,5.034,19.968,5.096,98.971237,1.096,1431.187012
51604068,2025,2,22,21,5,23,799,17,-87.510345,40.391006,398.13501,431.501007,0.972,1.15,-0.297,4.281,20.809999,4.291,93.971199,0.692,1475.241943
51806068,2025,2,22,21,5,23,799,16,-87.510338,40.391006,392.889008,426.255005,0.985,1.142,-0.447,3.67,21.049999,3.698,96.948662,0.602,1293.302002
52006068,2025,2,22,21,5,23,799,17,-87.51033,40.391006,390.398987,423.765991,0.973,1.116,-0.067,3.07,20.958,3.071,91.253304,0.519,1296.817017
52206068,2025,2,22,21,5,24,799,18,-87.510323,40.391006,385.459991,418.825989,0.941,1.08,0.207,2.305,19.656,2.314,84.863121,0.44,1293.177002
52407068,2025,2,22,21,5,24,799,18,-87.510323,40.391006,383.03299,416.398987,0.92,1.067,0.531,1.85,19.582001,1.924,73.98864,0.43,1388.55896
52605068,2025,2,22,21,5,24,799,16,-87.510323,40.39101,377.940002,411.306,0.874,1.025,1.26,1.463,19.011999,1.931,49.267769,0.36,827.69397
52806068,2025,2,22,21,5,24,799,19,-87.510315,40.391014,373.148987,406.515015,0.838,1,1.234,0.949,18.281,1.557,37.577709,0.402,1273.250977
53005068,2025,2,22,21,5,24,799,19,-87.510315,40.391014,370.77301,404.140015,0.817,0.984,0.922,0.926,18.184,1.306,45.122009,0.378,1278.25
53206068,2025,2,22,21,5,25,799,19,-87.510315,40.391014,365.972992,399.338989,0.78,0.951,0.449,1.974,18.636,2.025,77.192627,0.347,827.26001
53406068,2025,2,22,21,5,25,799,20,-87.510307,40.391014,363.545013,396.911011,0.765,0.94,0.004,2.347,18.902,2.347,89.901917,0.349,694.987976
53605068,2025,2,22,21,5,25,799,21,-87.510307,40.391014,358.631012,391.997009,0.735,0.916,-0.478,3.651,18.764,3.682,97.465919,0.318,374.294006
53805068,2025,2,22,21,5,25,799,21,-87.5103,40.391014,356.221008,389.587006,0.717,0.902,-0.78,4.076,18.676001,4.15,100.830162,0.29,300.136993
54004068,2025,2,22,21,5,25,799,21,-87.510284,40.39101,351.393005,384.76001,0.684,0.871,-0.924,4.175,18.313999,4.276,102.473984,0.266,253.664001
54206068,2025,2,22,21,5,26,799,21,-87.510277,40.391006,346.987,380.352997,0.658,0.845,-1.024,3.462,16.82,3.611,106.471619,0.283,339.423004
54406068,2025,2,22,21,5,26,799,21,-87.510269,40.391006,344.768005,378.134003,0.646,0.832,-0.395,3.119,17.152,3.144,97.216721,0.304,375.057007
54605068,2025,2,22,21,5,26,799,21,-87.510269,40.391006,340.39801,373.764008,0.621,0.809,0.827,2.076,17.708,2.234,68.284416,0.278,416.447998
54805068,2025,2,22,21,5,26,799,21,-87.510262,40.39101,335.843994,369.209991,0.604,0.796,2.414,1.452,17.958,2.817,31.03018,0.301,383.040009
55004068,2025,2,22,21,5,26,799,21,-87.510262,40.39101,333.53299,366.898987,0.597,0.79,3.026,1.262,18.32,3.279,22.644621,0.314,336.674011
55204068,2025,2,22,21,5,27,799,21,-87.510254,40.391022,328.703003,362.069,0.584,0.778,4.049,0.614,19.455999,4.096,8.62405,0.308,247.959
55406068,2025,2,22,21,5,27,799,21,-87.510254,40.391026,326.207001,359.572998,0.578,0.772,4.447,0.919,20.263,4.541,11.67845,0.294,210.531998
55607068,2025,2,22,21,5,27,799,19,-87.510254,40.391033,321.10199,354.467987,0.567,0.76,4.781,0.641,20.684999,4.824,7.63681,0.284,206.080002
55805068,2025,2,22,21,5,27,799,20,-87.510246,40.391045,315.998993,349.36499,0.559,0.749,4.391,-0.308,20.062,4.402,355.988525,0.281,285.79599
56004068,2025,2,22,21,5,27,799,19,-87.510254,40.391045,313.537994,346.903992,0.557,0.745,4.749,-0.397,19.742001,4.766,355.221954,0.307,272.597992
56205068,2025,2,22,21,5,28,799,19,-87.510254,40.39106,308.610992,341.97699,0.595,0.765,5.995,-0.175,20.025999,5.997,358.324585,1.008,1036.118042
56405068,2025,2,22,21,5,28,799,19,-87.510254,40.391068,306.110992,339.477997,0.652,0.793,6.065,-0.237,20.083,6.07,357.760254,1.017,1031.363037
56605068,2025,2,22,21,5,28,799,19,-87.510254,40.391083,301.131012,334.497009,0.758,0.855,5.614,-0.593,19.795,5.645,353.971466,0.981,1085.625977
56805068,2025,2,22,21,5,28,799,19,-87.510254,40.39109,296.212006,329.57901,0.853,0.926,5.345,-1.514,19.337999,5.555,344.18045,1.063,1236.567017
57005068,2025,2,22,21,5,28,799,19,-87.510262,40.391098,293.795013,327.161011,0.903,0.967,5.298,-1.722,19.059999,5.571,342.000397,1.11,1279.589966
57205068,2025,2,22,21,5,29,799,18,-87.510269,40.391109,289.050995,322.416992,1.019,1.055,4.598,-1.793,18.486,4.935,338.692108,1.175,1695.709961
57406068,2025,2,22,21,5,29,799,17,-87.510269,40.391113,286.671997,320.039001,1.075,1.101,3.842,-1.426,18.569,4.098,339.631012,1.21,1942.154053
57605068,2025,2,22,21,5,29,799,18,-87.510269,40.391121,282,315.365997,1.178,1.19,2.026,0.34,19.143,2.054,9.51371,1.107,3468.174072
57806068,2025,2,22,21,5,29,799,17,-87.510262,40.391125,276.971985,310.338013,1.218,1.244,2.387,1.907,19.896999,3.056,38.62463,1.033,1781.394043
58005068,2025,2,22,21,5,29,799,18,-87.510254,40.391125,274.438995,307.804993,1.213,1.264,1.981,1.713,20.292999,2.619,40.861118,0.85,1869.300049
58205068,2025,2,22,21,5,30,799,19,-87.510246,40.391129,269.272003,302.638,1.192,1.279,2.217,1.304,20.847,2.572,30.46401,0.724,1569.623047
58404068,2025,2,22,21,5,30,799,19,-87.510246,40.391132,266.891998,300.257996,1.166,1.267,2.588,1.178,20.722,2.843,24.4699,0.658,1254.811035
58605068,2025,2,22,21,5,30,799,19,-87.510246,40.391136,261.972992,295.338989,1.12,1.237,1.795,0.021,20.826,1.796,0.68179,0.563,1991.277954
58805068,2025,2,22,21,5,30,799,19,-87.510254,40.391144,256.834015,290.200989,1.064,1.185,2.367,-0.288,20.790001,2.384,353.065277,0.487,1224.755981
59005068,2025,2,22,21,5,30,799,19,-87.510254,40.391144,254.347,287.713013,1.035,1.157,1.455,-0.736,20.549,1.631,333.179352,0.448,1757.458008
59205068,2025,2,22,21,5,31,799,18,-87.510254,40.391144,249.391006,282.756989,0.986,1.113,1.796,-0.992,19.878,2.052,331.079987,0.404,1293.646973
59404068,2025,2,22,21,5,31,799,19,-87.510254,40.391144,247.003006,280.368988,0.965,1.091,2.054,-0.922,19.094999,2.252,335.822815,0.387,1121.488037
59606068,2025,2,22,21,5,31,799,18,-87.510262,40.391148,242.382004,275.747986,0.912,1.049,2.12,-1.689,18.768999,2.711,321.450623,0.347,831.086975
59805068,2025,2,22,21,5,31,799,21,-87.510269,40.391151,240.046997,273.412994,0.883,1.031,2.727,-1.852,19.368999,3.296,325.810699,0.328,617.192993
60005068,2025,2,22,21,5,31,799,18,-87.510269,40.391159,235.233994,268.601013,0.832,0.994,3.16,-2.025,19.709999,3.753,327.348633,0.304,456.937988
60206068,2025,2,22,21,5,32,799,20,-87.510277,40.391167,230.315994,263.682007,0.794,0.96,3.825,-2.318,19.888,4.473,328.782074,0.269,312.382996
60404068,2025,2,22,21,5,32,799,20,-87.510277,40.391171,227.899002,261.265015,0.771,0.946,3.892,-2.8,19.733999,4.794,324.272736,0.267,319.450989
60606068,2025,2,22,21,5,32,799,19,-87.510292,40.391182,223.046005,256.411987,0.734,0.917,3.95,-3.132,18.872,5.041,321.585846,0.261,353.009003
60806068,2025,2,22,21,5,32,799,20,-87.5103,40.391186,220.692001,254.057999,0.72,0.903,3.616,-2.919,18.412001,4.647,321.087158,0.256,356.960999
61005068,2025,2,22,21,5,32,799,20,-87.510307,40.391193,215.934998,249.302002,0.685,0.871,2.983,-2.842,18.173,4.12,316.391357,0.241,338.989014
61204068,2025,2,22,21,5,33,799,21,-87.510307,40.391201,211.362,244.727997,0.653,0.843,3.258,-3.108,18.559,4.503,316.347992,0.234,293.980011
61403068,2025,2,22,21,5,33,799,21,-87.510315,40.391205,209.037003,242.403,0.641,0.835,3.266,-3.293,19.075001,4.638,314.766632,0.247,380.054993
61605068,2025,2,22,21,5,33,799,21,-87.51033,40.391212,204.307999,237.673996,0.621,0.816,3.302,-3.643,19.415001,4.916,312.188812,0.256,277.35199
61805068,2025,2,22,21,5,33,799,21,-87.51033,40.391216,201.927994,235.294006,0.614,0.808,3.521,-3.671,19.531,5.086,313.80954,0.256,282.036011
62005068,2025,2,22,21,5,33,799,20,-87.510345,40.391224,196.841003,230.207001,0.602,0.796,3.828,-3.531,19.752001,5.208,317.310425,0.257,321.873993
62205068,2025,2,22,21,5,34,799,20,-87.510345,40.391232,191.748001,225.113998,0.589,0.782,3.055,-3.587,20.042999,4.712,310.417847,0.258,298.174988
62404068,2025,2,22,21,5,34,799,18,-87.510353,40.391235,189.216995,222.582993,0.584,0.778,2.867,-3.452,20.205999,4.487,309.706451,0.266,354.451996
62604068,2025,2,22,21,5,34,799,19,-87.510368,40.391243,184.203995,217.570007,0.635,0.801,3.418,-3.137,19.931,4.639,317.454895,1.028,1643.86499
62807068,2025,2,22,21,5,34,799,18,-87.510376,40.391247,181.716003,215.082001,0.694,0.827,3.228,-3.158,19.823,4.516,315.624146,1.03,1618.067017
63008068,2025,2,22,21,5,34,799,15,-87.510384,40.391254,176.772003,210.138,0.806,0.888,2.876,-3.07,19.899,4.206,313.13739,1.229,1890.984985
63205068,2025,2,22,21,5,35,799,12,-87.510391,40.391262,171.796005,205.162003,0.943,0.97,2.385,-2.697,19.947001,3.601,311.484711,1.344,2365.440918
63407068,2025,2,22,21,5,35,799,13,-87.510391,40.391266,169.300003,202.667007,1.008,1.016,2.512,-3.023,20.049,3.931,309.722473,1.324,2138.386963
63607068,2025,2,22,21,5,35,799,16,-87.510399,40.391266,164.199997,197.567001,1.095,1.098,0.838,-2.124,19.757999,2.283,291.534271,1.151,3351.079102
63805068,2025,2,22,21,5,35,799,14,-87.510414,40.391266,158.988998,192.354996,1.163,1.177,-1.975,-3.518,20.003,4.035,240.687805,1.373,1971.142944
64005068,2025,2,22,21,5,35,799,14,-87.510422,40.391266,156.356003,189.722,1.198,1.221,-2.146,-3.033,20.202,3.715,234.721817,1.526,1803.866943
64206068,2025,2,22,21,5,36,799,12,-87.510414,40.391266,152.462006,185.828995,1.244,1.327,-0.139,1.769,10.564,1.774,233.170639,1.692,4857.745117
64406068,2025,2,22,21,5,36,799,12,-87.510414,40.391266,151.404007,184.770004,1.252,1.372,0.277,2.696,8.267,2.71,84.140762,1.703,2904.032959
64606068,2025,2,22,21,5,36,799,13,-87.510399,40.391266,151.526001,184.891998,1.242,1.458,-0.05,3.859,2.66,3.86,87.681976,0.976,1519.853027
64805068,2025,2,22,21,5,36,799,14,-87.510384,40.39127,152.641998,186.007996,1.425,1.759,0.062,3.396,2.428,3.397,89.529358,0.797,1346.25
65005068,2025,2,22,21,5,36,799,14,-87.510368,40.391273,152.975998,186.341995,1.493,1.891,0.794,2.977,2.306,3.081,82.855698,0.891,1456.909058
65205068,2025,2,22,21,5,37,799,13,-87.510353,40.391277,152.218994,185.585007,1.324,1.8,-0.022,3.512,5.218,3.512,85.631302,1.507,1445.062012
65406068,2025,2,22,21,5,37,799,12,-87.510345,40.391277,152.507004,185.873993,1.291,1.806,0.114,0.111,-4.27,0.159,85.631302,1.865,1446.723999
65605068,2025,2,22,21,5,37,799,12,-87.510345,40.391273,153.272995,186.639008,1.259,1.788,-1.366,0.233,-4.481,1.386,100.663116,1.546,2992.034912
65804068,2025,2,22,21,5,37,799,15,-87.510345,40.391266,154.723999,188.089996,1.367,1.909,-0.539,-0.207,-2.757,0.577,100.663116,1.358,2993.319092
66006068,2025,2,22,21,5,37,799,15,-87.510353,40.391266,155.451004,188.817001,1.423,1.981,-0.43,-0.185,-1.681,0.468,100.663116,1.257,2993.645996
66205068,2025,2,22,21,5,38,799,18,-87.510353,40.391254,157.087997,190.453995,1.534,2.122,-0.242,-0.178,-0.343,0.3,100.663116,0.871,2994.009033
66404068,2025,2,22,21,5,38,799,19,-87.510353,40.391251,158.080002,191.445999,1.577,2.175,-0.166,-0.022,-0.086,0.167,100.663116,0.693,2994.139893
66605068,2025,2,22,21,5,38,799,17,-87.510353,40.391247,160.395996,193.763,1.651,2.26,0.036,0.04,-0.132,0.054,100.663116,0.892,2994.454102
66803068,2025,2,22,21,5,38,799,18,-87.510345,40.391243,162.785004,196.151001,1.673,2.272,-0.089,0.072,-0.063,0.114,100.663116,0.374,2994.670898
67005068,2025,2,22,21,5,38,799,18,-87.510345,40.391243,164.084,197.449997,1.695,2.292,-0.067,-0.19,0.045,0.202,100.663116,0.512,2994.768066
67204068,2025,2,22,21,5,39,799,17,-87.510345,40.391243,166.610001,199.975998,1.655,2.21,-0.056,-0.006,0.149,0.056,100.663116,0.61,2994.986084
67404068,2025,2,22,21,5,39,799,18,-87.510338,40.391243,167.653,201.018997,1.58,2.096,-0.009,-0.091,-0.069,0.091,100.663116,0.463,2995.072998
67604068,2025,2,22,21,5,39,799,17,-87.51033,40.391247,169.593002,202.959,1.475,1.942,-0.086,-0.097,-0.201,0.13,100.663116,0.457,2995.256104
67804068,2025,2,22,21,5,39,799,18,-87.510323,40.391251,171.171005,204.537003,1.38,1.808,-0.086,0.093,-0.024,0.127,100.663116,0.222,2995.363037
68004068,2025,2,22,21,5,39,799,18,-87.510323,40.391251,171.910995,205.276993,1.325,1.732,0.011,-0.034,-0.017,0.035,100.663116,0.305,2995.419922
68200068,2025,2,22,21,5,40,799,19,-87.510307,40.391254,173.197006,206.563004,1.231,1.605,0.092,-0.05,-0.053,0.104,100.663116,0.293,2995.548096
68401068,2025,2,22,21,5,40,799,18,-87.510307,40.391258,173.697998,207.063995,1.18,1.535,0.026,-0.049,0.009,0.055,100.663116,0.208,2995.586914
68600068,2025,2,22,21,5,40,799,18,-87.510307,40.391258,174.673996,208.039993,1.096,1.418,0.029,-0.023,-0.163,0.037,100.663116,0.364,2995.719971
68800068,2025,2,22,21,5,40,799,18,-87.510307,40.391262,175.488998,208.854996,0.997,1.286,-0.078,0.024,0.009,0.081,100.663116,0.296,2995.835938
69000068,2025,2,22,21,5,40,799,18,-87.5103,40.391262,175.800003,209.166,0.944,1.219,-0.024,-0.094,-0.12,0.097,100.663116,0.419,2995.915039
69200068,2025,2,22,21,5,41,799,18,-87.5103,40.391266,176.171005,209.537003,0.89,1.156,-0.219,-0.008,0.066,0.219,100.663116,0.377,2996.068115
69401068,2025,2,22,21,5,41,799,19,-87.510292,40.391266,176.412003,209.778,0.885,1.152,0.011,-0.02,-0.091,0.023,100.663116,0.463,2996.155029
69601068,2025,2,22,21,5,41,799,19,-87.510292,40.391266,176.867996,210.233994,0.878,1.146,-0.115,0.044,0.071,0.123,100.663116,0.436,2996.291016
69801068,2025,2,22,21,5,41,799,18,-87.510284,40.39127,177.205002,210.570999,0.872,1.14,-0.068,-0.058,-0.108,0.09,100.663116,0.408,2996.440918
70001068,2025,2,22,21,5,41,799,18,-87.510284,40.39127,177.334,210.701004,0.868,1.135,-0.01,-0.08,-0.103,0.08,100.663116,0.437,2996.522949
70200068,2025,2,22,21,5,42,799,18,-87.510284,40.391273,177.582001,210.947998,0.858,1.126,0.014,-0.057,-0.038,0.059,100.663116,0.432,2996.679932
70401068,2025,2,22,21,5,42,799,18,-87.510277,40.391273,177.667999,211.035004,0.853,1.121,-0.041,0.077,0.066,0.087,100.663116,0.418,2996.759033
70600068,2025,2,22,21,5,42,799,16,-87.510277,40.391277,177.925995,211.292007,0.845,1.12,-0.023,0.022,-0.068,0.032,100.663116,0.31,2996.894043
70800068,2025,2,22,21,5,42,799,17,-87.510277,40.391281,178.199005,211.565002,0.838,1.126,-0.141,0.115,0.139,0.183,100.663116,0.501,2997.069092
71000068,2025,2,22,21,5,42,799,17,-87.510277,40.391281,178.348999,211.716003,0.834,1.13,-0.088,-0.047,0.138,0.1,100.663116,0.403,2997.14502
71200068,2025,2,22,21,5,43,799,17,-87.510269,40.391285,178.481995,211.848007,0.824,1.135,-0.001,0.127,0.062,0.127,100.663116,0.429,2997.308105
71401068,2025,2,22,21,5,43,799,17,-87.510269,40.391285,178.563995,211.929993,0.819,1.137,0.059,-0.044,0.01,0.074,100.663116,0.263,2997.35791
71600068,2025,2,22,21,5,43,799,17,-87.510269,40.391285,178.826004,212.192001,0.806,1.137,0.033,-0.055,0.028,0.064,100.663116,0.225,2997.4729
71800068,2025,2,22,21,5,43,799,17,-87.510269,40.391285,179,212.367004,0.793,1.133,0.008,-0.011,-0.038,0.014,100.663116,0.403,2997.592041
72001068,2025,2,22,21,5,43,799,17,-87.510269,40.391289,179.007996,212.373993,0.785,1.129,-0.142,0.003,0.123,0.142,100.663116,0.318,2997.6521
72200068,2025,2,22,21,5,44,799,17,-87.510269,40.391289,179.074997,212.440994,0.768,1.12,0.028,0.016,-0.004,0.032,100.663116,0.199,2997.750977
72401068,2025,2,22,21,5,44,799,17,-87.510269,40.391293,179.093002,212.459,0.76,1.115,0.009,0.082,0.013,0.083,100.663116,0.264,2997.801025
72600068,2025,2,22,21,5,44,799,17,-87.510269,40.391293,179.182999,212.548996,0.743,1.104,0.015,0.04,0.035,0.042,100.663116,0.31,2997.919922
72801068,2025,2,22,21,5,44,799,17,-87.510262,40.391296,179.257004,212.623001,0.727,1.093,-0.06,-0.063,-0.032,0.087,100.663116,0.229,2998.024902
73001068,2025,2,22,21,5,44,799,17,-87.510262,40.391296,179.244003,212.610001,0.719,1.087,0.042,-0.04,-0.071,0.058,100.663116,0.317,2998.083984
73201068,2025,2,22,21,5,45,799,17,-87.510262,40.3913,179.309006,212.675003,0.704,1.077,0.003,0.045,0.061,0.045,100.663116,0.317,2998.174072
73401068,2025,2,22,21,5,45,799,17,-87.510262,40.3913,179.341003,212.707993,0.696,1.073,-0.101,-0.071,-0.125,0.123,100.663116,0.264,2998.224121
73600068,2025,2,22,21,5,45,799,17,-87.510262,40.3913,179.388,212.755005,0.683,1.065,0.035,-0.034,0.009,0.049,100.663116,0.177,2998.309082
73801068,2025,2,22,21,5,45,799,17,-87.510254,40.391304,179.406998,212.772995,0.669,1.055,0.073,-0.02,-0.029,0.075,100.663116,0.221,2998.4021
74000068,2025,2,22,21,5,45,799,17,-87.510254,40.391304,179.389999,212.755997,0.663,1.05,-0.067,0.068,0.054,0.095,100.663116,0.257,2998.449951
74201068,2025,2,22,21,5,46,799,17,-87.510254,40.391304,179.445999,212.811996,0.651,1.039,-0.039,0.043,-0.097,0.058,100.663116,0.234,2998.531006
74401068,2025,2,22,21,5,46,799,17,-87.510254,40.391304,179.363007,212.729004,0.646,1.033,0.038,-0.029,0.039,0.047,100.663116,0.184,2998.565918
74600068,2025,2,22,21,5,46,799,17,-87.510254,40.391304,179.339005,212.705002,0.634,1.019,-0.006,0.143,0.03,0.143,100.663116,0.218,2998.64502
74801068,2025,2,22,21,5,46,799,17,-87.510254,40.391304,179.339005,212.705002,0.624,1.006,0.062,0.014,0.003,0.063,100.663116,0.199,2998.711914
75001068,2025,2,22,21,5,46,799,17,-87.510254,40.391304,179.376007,212.742004,0.619,1,-0.082,0.002,0.072,0.082,100.663116,0.253,2998.76001
75200068,2025,2,22,21,5,47,799,18,-87.510254,40.391304,179.414993,212.781006,0.615,0.996,-0.031,0.124,0.075,0.128,100.663116,0.305,2998.870117
75400068,2025,2,22,21,5,47,799,18,-87.510254,40.391304,179.445007,212.811005,0.614,0.996,0.059,0.085,0.082,0.103,100.663116,0.329,2998.930908
75600068,2025,2,22,21,5,47,799,18,-87.510254,40.391304,179.494995,212.860992,0.612,0.995,-0.218,-0.053,-0.004,0.224,100.663116,0.298,2999.039062
75800068,2025,2,22,21,5,47,799,19,-87.510254,40.391304,179.513,212.878998,0.614,0.997,0.003,0.018,0.154,0.019,100.663116,0.363,2999.166992
76000068,2025,2,22,21,5,47,799,18,-87.510254,40.391304,179.533005,212.899994,0.616,0.999,-0.109,-0.058,0.129,0.123,100.663116,0.357,2999.233887
76201068,2025,2,22,21,5,48,799,19,-87.510254,40.391304,179.580002,212.945999,0.619,1.001,0.006,0.086,0.075,0.086,100.663116,0.398,2999.395996
76400068,2025,2,22,21,5,48,799,19,-87.510254,40.391304,179.632004,212.998993,0.62,1,0.033,-0.112,-0.147,0.117,100.663116,0.377,2999.466064
76600068,2025,2,22,21,5,48,799,18,-87.510254,40.391304,179.610001,212.975998,0.622,0.996,-0.074,-0.017,0.073,0.076,100.663116,0.344,2999.590088
76801068,2025,2,22,21,5,48,799,18,-87.510254,40.391304,179.623001,212.988998,0.623,0.99,-0.026,0.031,0.041,0.041,100.663116,0.329,2999.697998
77000068,2025,2,22,21,5,48,799,17,-87.510254,40.391304,179.675003,213.042007,0.623,0.987,0.042,0.044,0.159,0.061,100.663116,0.338,2999.760986
77201068,2025,2,22,21,5,49,799,18,-87.510254,40.391304,179.658997,213.026001,0.62,0.98,0.007,0.064,0.095,0.065,100.663116,0.36,2999.884033
77401068,2025,2,22,21,5,49,799,19,-87.510254,40.391304,179.641998,213.007996,0.619,0.977,-0.038,0.01,0.078,0.039,100.663116,0.321,2999.944092
77600068,2025,2,22,21,5,49,799,18,-87.510254,40.3913,179.710999,213.076996,0.615,0.969,0.04,0.012,-0.002,0.042,100.663116,0.245,3000.041992
77801068,2025,2,22,21,5,49,799,19,-87.510254,40.3913,179.744003,213.110001,0.61,0.96,0.081,0.089,0.136,0.12,100.663116,0.321,3000.156006
78000068,2025,2,22,21,5,49,799,19,-87.510254,40.3913,179.744995,213.112,0.607,0.956,-0.072,0.104,0.1,0.127,100.663116,0.293,3000.210938
78200068,2025,2,22,21,5,50,799,19,-87.510254,40.3913,179.727997,213.095001,0.602,0.946,0.012,0.074,0.038,0.075,100.663116,0.285,3000.298096
78400068,2025,2,22,21,5,50,799,19,-87.510254,40.3913,179.688995,213.054993,0.599,0.942,0.067,0.081,0.12,0.105,100.663116,0.295,3000.354004
78600068,2025,2,22,21,5,50,799,18,-87.510246,40.3913,179.645004,213.011002,0.593,0.932,-0.036,0.039,0.192,0.053,100.663116,0.307,3000.458984
78800068,2025,2,22,21,5,50,799,19,-87.510254,40.3913,179.684006,213.050995,0.587,0.922,0.012,-0.01,-0.016,0.016,100.663116,0.28,3000.552002
79000068,2025,2,22,21,5,50,799,19,-87.510254,40.3913,179.694,213.061005,0.584,0.917,-0.026,0.025,0.08,0.036,100.663116,0.302,3000.608887
79200068,2025,2,22,21,5,51,799,18,-87.510254,40.3913,179.738007,213.104004,0.577,0.907,-0.08,0.045,0.115,0.092,100.663116,0.284,3000.693115
79401068,2025,2,22,21,5,51,799,18,-87.510246,40.3913,179.764999,213.130997,0.574,0.902,0.119,0.045,0.016,0.127,100.663116,0.194,3000.729004
79600068,2025,2,22,21,5,51,799,18,-87.510246,40.3913,179.856995,213.223007,0.565,0.893,-0.088,-0.122,-0.001,0.151,100.663116,0.211,3000.818115
79801068,2025,2,22,21,5,51,799,19,-87.510254,40.3913,179.940002,213.306,0.558,0.884,0.124,0.01,-0.074,0.124,100.663116,0.244,3000.913086
79999068,2025,2,22,21,5,51,799,19,-87.510254,40.3913,179.934998,213.300995,0.554,0.879,-0.054,0.038,0.033,0.066,100.663116,0.225,3000.956055
80200068,2025,2,22,21,5,52,799,18,-87.510254,40.3913,179.977005,213.343002,0.546,0.871,-0.01,0.076,-0.015,0.076,100.663116,0.165,3001.034912
80400068,2025,2,22,21,5,52,799,19,-87.510254,40.3913,180.061996,213.427994,0.543,0.866,0.069,-0.075,-0.071,0.101,100.663116,0.24,3001.080078
80600068,2025,2,22,21,5,52,799,18,-87.510254,40.3913,180.171997,213.537994,0.537,0.858,0.019,0.079,-0.053,0.082,100.663116,0.2,3001.165039
80800068,2025,2,22,21,5,52,799,19,-87.510254,40.3913,180.283997,213.649994,0.532,0.85,-0.014,-0.031,-0.01,0.034,100.663116,0.227,3001.256104
80999068,2025,2,22,21,5,52,799,18,-87.510254,40.3913,180.348999,213.714996,0.529,0.847,-0.051,0.011,-0.013,0.052,100.663116,0.168,3001.287109
81200068,2025,2,22,21,5,53,799,18,-87.510254,40.3913,180.488007,213.854004,0.522,0.839,0.061,0.029,-0.043,0.068,100.663116,0.204,3001.366943
81401068,2025,2,22,21,5,53,799,18,-87.510254,40.3913,180.509995,213.876007,0.519,0.836,-0.027,0.151,0.127,0.153,100.663116,0.248,3001.413086
81600068,2025,2,22,21,5,53,799,17,-87.510254,40.3913,180.563995,213.929993,0.518,0.835,-0.073,-0.04,0.021,0.083,100.663116,0.278,3001.503906
81800068,2025,2,22,21,5,53,799,18,-87.510254,40.3913,180.602997,213.968994,0.519,0.839,-0.022,0.06,0.003,0.064,100.663116,0.253,3001.60498
82000068,2025,2,22,21,5,53,799,18,-87.510254,40.3913,180.593002,213.960007,0.521,0.842,-0.026,-0.11,0.037,0.113,100.663116,0.245,3001.650879
82200068,2025,2,22,21,5,54,799,17,-87.510254,40.3913,180.625,213.992004,0.523,0.849,-0.05,0.091,0.108,0.104,100.663116,0.361,3001.783936
82400068,2025,2,22,21,5,54,799,17,-87.510254,40.3913,180.613998,213.979996,0.525,0.853,0.129,0.027,0.026,0.132,100.663116,0.299,3001.840088
82600068,2025,2,22,21,5,54,799,18,-87.510254,40.3913,180.636993,214.003006,0.527,0.857,-0.061,0.039,0.14,0.073,100.663116,0.359,3001.978027
82801068,2025,2,22,21,5,54,799,17,-87.510254,40.391304,180.705994,214.072006,0.529,0.859,0.04,0.127,0.025,0.133,100.663116,0.299,3002.083008
83001068,2025,2,22,21,5,54,799,18,-87.510254,40.391304,180.710007,214.076004,0.529,0.86,-0.087,0.007,0.132,0.087,100.663116,0.327,3002.144043
83200068,2025,2,22,21,5,55,799,18,-87.510254,40.391304,180.789001,214.154999,0.529,0.859,0.026,-0.029,-0.003,0.039,100.663116,0.213,3002.248047
83399068,2025,2,22,21,5,55,799,18,-87.510254,40.391304,180.847,214.212997,0.529,0.858,0.03,0.028,0.014,0.041,100.663116,0.302,3002.304932
83600068,2025,2,22,21,5,55,799,18,-87.510254,40.391304,180.983994,214.350006,0.528,0.857,-0.059,0,0.041,0.059,100.663116,0.295,3002.422119
83800068,2025,2,22,21,5,55,799,18,-87.510254,40.391304,181.095001,214.460999,0.527,0.856,-0.035,0.073,0.008,0.081,100.663116,0.233,3002.520996
84000068,2025,2,22,21,5,55,799,18,-87.510254,40.391304,181.149002,214.514999,0.526,0.854,-0.014,-0.014,0.06,0.02,100.663116,0.293,3002.575928
84201068,2025,2,22,21,5,56,799,18,-87.510254,40.391304,181.257004,214.623001,0.524,0.852,0.037,0.093,-0.003,0.1,100.663116,0.239,3002.676025
84400068,2025,2,22,21,5,56,799,18,-87.510254,40.391304,181.287994,214.654007,0.523,0.85,0.046,0.038,0.009,0.059,100.663116,0.252,3002.7229
84600068,2025,2,22,21,5,56,799,19,-87.510254,40.391304,181.419998,214.785995,0.52,0.847,0.047,-0.046,-0.128,0.066,100.663116,0.305,3002.833008
84801068,2025,2,22,21,5,56,799,19,-87.510254,40.391304,181.550995,214.917007,0.515,0.843,-0.003,0.024,-0.013,0.024,100.663116,0.17,3002.900879
85000068,2025,2,22,21,5,56,799,19,-87.510254,40.391304,181.595993,214.962006,0.513,0.84,-0.059,-0.032,0.075,0.067,100.663116,0.234,3002.945068
85200068,2025,2,22,21,5,57,799,18,-87.510254,40.391304,181.694,215.059998,0.508,0.834,-0.025,-0.081,-0.003,0.085,100.663116,0.215,3003.0271
85400068,2025,2,22,21,5,57,799,18,-87.510254,40.391304,181.757004,215.123001,0.505,0.831,-0.1,0.028,0.033,0.104,100.663116,0.189,3003.062012
85600068,2025,2,22,21,5,57,799,18,-87.510254,40.391304,181.852005,215.218002,0.5,0.824,0.047,-0.129,-0.022,0.137,100.663116,0.184,3003.13501
85800068,2025,2,22,21,5,57,799,18,-87.510254,40.391304,181.942001,215.307999,0.495,0.817,0.052,0.045,-0.023,0.068,100.663116,0.201,3003.208984
86000068,2025,2,22,21,5,57,799,18,-87.510254,40.391304,181.964996,215.330994,0.493,0.813,0.053,-0.028,-0.041,0.06,100.663116,0.218,3003.25
86200068,2025,2,22,21,5,58,799,18,-87.510254,40.391304,181.994995,215.362,0.488,0.807,-0.02,-0.102,-0.058,0.104,100.663116,0.233,3003.330078
86400068,2025,2,22,21,5,58,799,18,-87.510254,40.391304,182.041,215.406998,0.485,0.804,-0.041,0.071,-0.015,0.082,100.663116,0.14,3003.356934
86601068,2025,2,22,21,5,58,799,19,-87.510246,40.391304,182.057007,215.423004,0.481,0.798,-0.011,-0.022,0.087,0.025,100.663116,0.237,3003.446045
86801068,2025,2,22,21,5,58,799,18,-87.510246,40.391304,182.089005,215.455002,0.476,0.792,0,-0.1,0.025,0.1,100.663116,0.163,3003.523926
87000068,2025,2,22,21,5,58,799,19,-87.510246,40.391304,182.100998,215.468002,0.474,0.789,-0.059,-0.004,-0.021,0.059,100.663116,0.166,3003.554932
87201068,2025,2,22,21,5,59,799,19,-87.510246,40.391304,182.095001,215.462006,0.47,0.783,-0.023,-0.006,0.117,0.024,100.663116,0.257,3003.647949
87400068,2025,2,22,21,5,59,799,18,-87.510246,40.391304,182.110992,215.477005,0.468,0.78,0.006,0.057,-0.018,0.058,100.663116,0.166,3003.678955
87600068,2025,2,22,21,5,59,799,18,-87.510246,40.391304,182.057999,215.425003,0.464,0.775,0.095,-0.005,0.113,0.095,100.663116,0.198,3003.76001
87800068,2025,2,22,21,5,59,799,18,-87.510246,40.391304,182.042999,215.408997,0.462,0.774,0.073,0.139,0.056,0.157,100.663116,0.279,3003.845947
88000068,2025,2,22,21,5,59,799,19,-87.510246,40.391304,182.020004,215.386002,0.462,0.776,-0.001,0,0.087,0.001,100.663116,0.314,3003.905029
88200068,2025,2,22,21,6,0,799,18,-87.510246,40.391304,182.007996,215.373993,0.464,0.783,0.127,0.183,-0.016,0.223,100.663116,0.239,3003.98999
88401068,2025,2,22,21,6,0,799,18,-87.510246,40.391304,182.007004,215.373001,0.467,0.787,-0.032,0.091,0.087,0.097,100.663116,0.361,3004.058105
88600068,2025,2,22,21,6,0,799,18,-87.510246,40.391304,182.024002,215.391006,0.475,0.793,-0.07,-0.151,-0.058,0.167,100.663116,0.394,3004.205078
88800068,2025,2,22,21,6,0,799,18,-87.510246,40.391304,181.998993,215.365997,0.484,0.799,-0.076,0.014,0.095,0.077,100.663116,0.373,3004.350098
89000068,2025,2,22,21,6,0,799,18,-87.510246,40.391304,181.975006,215.341003,0.487,0.8,-0.034,-0.013,-0.022,0.037,100.663116,0.309,3004.406982
89201068,2025,2,22,21,6,1,799,17,-87.510246,40.391304,181.940002,215.306,0.491,0.8,-0.085,-0.081,0.058,0.118,100.663116,0.306,3004.530029
89401068,2025,2,22,21,6,1,799,17,-87.510246,40.391304,181.940994,215.307999,0.492,0.799,-0.078,-0.036,-0.007,0.086,100.663116,0.269,3004.580078
89600068,2025,2,22,21,6,1,799,19,-87.510246,40.391304,181.897995,215.264008,0.493,0.797,0.104,0.089,-0.094,0.137,100.663116,0.225,3004.679932
89800068,2025,2,22,21,6,1,799,19,-87.510246,40.391304,181.862,215.227997,0.49,0.796,-0.106,-0.118,0.033,0.159,100.663116,0.209,3004.775879
90000068,2025,2,22,21,6,1,799,19,-87.510246,40.391304,181.841003,215.207993,0.489,0.793,0.108,0.062,-0.152,0.125,100.663116,0.259,3004.824951
90201068,2025,2,22,21,6,2,799,18,-87.510246,40.391304,181.873001,215.238998,0.486,0.79,-0.064,-0.114,0.008,0.131,100.663116,0.232,3004.912109
90401068,2025,2,22,21,6,2,799,18,-87.510246,40.391304,181.865997,215.231995,0.485,0.788,-0.011,-0.016,0.028,0.019,100.663116,0.246,3004.958008
90600068,2025,2,22,21,6,2,799,18,-87.510246,40.391304,181.824005,215.190002,0.482,0.784,0.044,-0.001,0.028,0.044,100.663116,0.186,3005.034912
90799068,2025,2,22,21,6,2,799,18,-87.510246,40.391304,181.819,215.184998,0.479,0.78,0.077,-0.03,-0.107,0.083,100.663116,0.254,3005.133057
91000068,2025,2,22,21,6,2,799,18,-87.510246,40.391304,181.807007,215.173004,0.478,0.777,0.124,0.072,-0.033,0.143,100.663116,0.22,3005.174072
91200068,2025,2,22,21,6,3,799,18,-87.510246,40.391304,181.785995,215.151993,0.476,0.773,-0.059,-0.088,-0.065,0.107,100.663116,0.244,3005.25
91400068,2025,2,22,21,6,3,799,19,-87.510246,40.391304,181.757004,215.123001,0.475,0.771,-0.004,-0.027,0.068,0.027,100.663116,0.227,3005.292969
91600068,2025,2,22,21,6,3,799,19,-87.510246,40.391304,181.738998,215.104996,0.472,0.767,-0.01,0.122,0.025,0.122,100.663116,0.214,3005.37793
91800068,2025,2,22,21,6,3,799,18,-87.510246,40.391304,181.740005,215.106003,0.469,0.763,-0.093,0.006,-0.053,0.093,100.663116,0.178,3005.458008
92000068,2025,2,22,21,6,3,799,19,-87.510246,40.391304,181.712006,215.078995,0.467,0.761,0.024,-0.07,-0.023,0.074,100.663116,0.207,3005.49707
92200068,2025,2,22,21,6,4,799,18,-87.510246,40.391304,181.699997,215.065994,0.464,0.757,0.09,-0.079,-0.065,0.12,100.663116,0.209,3005.583984
92400068,2025,2,22,21,6,4,799,18,-87.510246,40.391304,181.660004,215.026001,0.462,0.755,0.019,0.091,0.123,0.093,100.663116,0.245,3005.629883
92600068,2025,2,22,21,6,4,799,18,-87.510246,40.391304,181.617004,214.983002,0.459,0.75,-0.097,-0.036,0.015,0.104,100.663116,0.176,3005.708984
92800068,2025,2,22,21,6,4,799,18,-87.510246,40.391304,181.593002,214.960007,0.456,0.746,0.012,-0.001,-0.025,0.012,100.663116,0.231,3005.782959
93000068,2025,2,22,21,6,4,799,19,-87.510246,40.391304,181.587997,214.953995,0.454,0.745,0.016,0.076,0.079,0.078,100.663116,0.229,3005.825928
93199068,2025,2,22,21,6,5,799,19,-87.510246,40.391304,181.554001,214.919998,0.451,0.741,-0.088,0.004,0.051,0.088,100.663116,0.198,3005.899902
93400068,2025,2,22,21,6,5,799,19,-87.510246,40.391304,181.539993,214.906006,0.45,0.74,-0.024,0.001,0.026,0.024,100.663116,0.219,3005.940918
93600068,2025,2,22,21,6,5,799,18,-87.510246,40.391304,181.580002,214.945999,0.448,0.736,0.026,-0.004,-0.117,0.026,100.663116,0.241,3006.031982
93800068,2025,2,22,21,6,5,799,18,-87.510246,40.391304,181.606003,214.973007,0.445,0.733,-0.148,-0.011,0.05,0.148,100.663116,0.178,3006.104004
94000068,2025,2,22,21,6,5,799,19,-87.510246,40.391304,181.606995,214.973007,0.444,0.731,0.066,0.079,0.018,0.103,100.663116,0.191,3006.139893
94199068,2025,2,22,21,6,6,799,18,-87.510246,40.391304,181.623993,214.990005,0.443,0.731,0.001,0.002,0.024,0.002,100.663116,0.266,3006.236084
94400068,2025,2,22,21,6,6,799,18,-87.510246,40.391304,181.589005,214.955002,0.444,0.732,-0.011,0.063,-0.009,0.064,100.663116,0.209,3006.273926
94600068,2025,2,22,21,6,6,799,18,-87.510246,40.391304,181.531006,214.897003,0.447,0.736,-0.028,0.09,0.076,0.095,100.663116,0.357,3006.394043
94800068,2025,2,22,21,6,6,799,16,-87.510246,40.391308,181.514008,214.880997,0.454,0.745,0.005,-0.038,-0.001,0.038,100.663116,0.333,3006.506104
95000068,2025,2,22,21,6,6,799,16,-87.510246,40.391308,181.533005,214.899994,0.458,0.751,-0.037,-0.099,0.028,0.105,100.663116,0.323,3006.565918
95200068,2025,2,22,21,6,7,799,16,-87.510246,40.391308,181.522003,214.888,0.467,0.763,0.047,-0.02,-0.015,0.051,100.663116,0.298,3006.697998
95400068,2025,2,22,21,6,7,799,16,-87.510246,40.391308,181.520996,214.888,0.471,0.768,0.039,-0.07,-0.075,0.08,100.663116,0.404,3006.772949
95600068,2025,2,22,21,6,7,799,16,-87.510246,40.391308,181.518997,214.886002,0.475,0.774,-0.047,0.093,0.047,0.104,100.663116,0.332,3006.887939
95800068,2025,2,22,21,6,7,799,17,-87.510246,40.391308,181.475006,214.841003,0.478,0.778,0.087,-0.096,-0.07,0.129,100.663116,0.316,3006.983887
96000068,2025,2,22,21,6,7,799,17,-87.510246,40.391308,181.462997,214.828995,0.479,0.78,0.199,0.237,0.085,0.309,82.639061,0.327,4050.006104
96200068,2025,2,22,21,6,8,799,17,-87.510246,40.391308,181.440002,214.806,0.48,0.782,-0.192,-0.086,-0.054,0.21,82.639061,0.253,4050.083008
96401068,2025,2,22,21,6,8,799,16,-87.510246,40.391308,181.380005,214.746002,0.48,0.783,0.203,0.153,-0.026,0.254,82.639061,0.257,4050.118896
96600068,2025,2,22,21,6,8,799,18,-87.510246,40.391308,181.289993,214.656006,0.479,0.782,0.111,0.066,-0.136,0.129,82.639061,0.263,4050.187988
96801068,2025,2,22,21,6,8,799,18,-87.510246,40.391308,181.233002,214.598999,0.478,0.781,0.006,0.08,0.042,0.08,82.639061,0.283,4050.263916
97000068,2025,2,22,21,6,8,799,18,-87.510246,40.391308,181.184998,214.550995,0.477,0.78,0.089,0.011,-0.005,0.089,82.639061,0.223,4050.294922
97200068,2025,2,22,21,6,9,799,18,-87.510246,40.391308,181.128006,214.494003,0.475,0.779,-0.18,-0.061,0.102,0.19,82.639061,0.251,4050.363037
97400068,2025,2,22,21,6,9,799,18,-87.510246,40.391308,181.117996,214.483994,0.474,0.777,0.134,0.059,-0.043,0.146,82.639061,0.245,4050.396973
97600068,2025,2,22,21,6,9,799,18,-87.510246,40.391312,181.128006,214.494003,0.472,0.775,0.024,0.042,0.014,0.048,82.639061,0.243,4050.466064
97800068,2025,2,22,21,6,9,799,17,-87.510246,40.391312,181.229004,214.595001,0.469,0.772,0.039,-0.011,-0.062,0.041,82.639061,0.259,4050.520996
98000068,2025,2,22,21,6,9,799,17,-87.510246,40.391312,181.233002,214.600006,0.468,0.77,-0.067,-0.069,-0.097,0.096,82.639061,0.245,4050.554932
