30000000,2024,2,11,17,26,58,3,0,0,0,0,-17,4294967.500,3855818.000,0,0,0,0,0,406.712,18000
30392852,2024,2,11,17,26,59,3,0,0,0,0,-17,4294967.500,3855851.250,0,0,0,0,0,406.732,18000
30791756,2024,2,11,17,26,59,3,0,0,0,0,-17,4294967.500,3855884.250,0,0,0,0,0,406.751,18000
31193048,2024,2,11,17,27,0,3,0,0,0,0,-17,4294967.500,3855917.250,0,0,0,0,0,406.771,18000
31575783,2024,2,11,17,27,0,3,0,0,0,0,-17,4294967.500,3855950.250,0,0,0,0,0,406.791,18000
31968099,2024,2,11,17,27,0,3,0,0,0,0,-17,4294967.500,3855983.250,0,0,0,0,0,406.810,18000
32380866,2024,2,11,17,27,1,3,0,0,0,0,-17,4294967.500,3856016.250,0,0,0,0,0,406.830,18000
32759864,2024,2,11,17,27,1,3,0,0,0,0,-17,4294967.500,3856049.500,0,0,0,0,0,406.850,18000
33183497,2024,2,11,17,27,2,3,0,0,0,0,-17,4294967.500,3856082.500,0,0,0,0,0,406.869,18000
33544552,2024,2,11,17,27,2,3,0,0,0,0,-17,4294967.500,3856115.500,0,0,0,0,0,406.889,18000
33940592,2024,2,11,17,27,2,3,0,0,0,0,-17,4294967.500,3856148.500,0,0,0,0,0,406.909,18000
34336312,2024,2,11,17,27,3,3,0,0,0,0,-17,4294967.500,3856181.500,0,0,0,0,0,406.928,18000
34732353,2024,2,11,17,27,3,3,0,0,0,0,-17,4294967.500,3856214.750,0,0,0,0,0,406.948,18000
35150586,2024,2,11,17,27,4,3,0,0,0,0,-17,4294967.500,3856247.750,0,0,0,0,0,406.968,18000
35525297,2024,2,11,17,27,4,3,0,0,0,0,-17,4294967.500,3856280.750,0,0,0,0,0,406.987,18000
35920463,2024,2,11,17,27,4,3,0,0,0,0,-17,4294967.500,3856314.000,0,0,0,0,0,407.007,18000
36314290,2024,2,11,17,27,5,3,0,0,0,0,-17,4294967.500,3856347.000,0,0,0,0,0,407.027,18000
36710328,2024,2,11,17,27,5,3,0,0,0,0,-17,4294967.500,3856380.250,0,0,0,0,0,407.046,18000
37131442,2024,2,11,17,27,6,3,0,0,0,0,-17,4294967.500,3856413.250,0,0,0,0,0,407.066,18000
37503062,2024,2,11,17,27,6,3,0,0,0,0,-17,4294967.500,3856446.500,0,0,0,0,0,407.086,18000
37903378,2024,2,11,17,27,6,3,0,0,0,0,-17,4294967.500,3856479.500,0,0,0,0,0,407.105,18000
38300083,2024,2,11,17,27,7,3,0,0,0,0,-17,4294967.500,3856512.500,0,0,0,0,0,407.125,18000
38696131,2024,2,11,17,27,7,3,0,0,0,0,-17,4294967.500,3856545.750,0,0,0,0,0,407.145,18000
39114194,2024,2,11,17,27,8,3,0,0,0,0,-17,4294967.500,3856579.000,0,0,0,0,0,407.164,18000
39501754,2024,2,11,17,27,8,3,0,0,0,0,-17,4294967.500,3856612.000,0,0,0,0,0,407.184,18000
39883928,2024,2,11,17,27,8,3,0,0,0,0,-17,4294967.500,3856645.500,0,0,0,0,0,407.204,18000
40277857,2024,2,11,17,27,9,3,0,0,0,0,-17,4294967.500,3856678.250,0,0,0,0,0,407.223,18000
40673605,2024,2,11,17,27,9,3,0,0,0,0,-17,4294967.500,3856711.500,0,0,0,0,0,407.243,18000
41093744,2024,2,11,17,27,10,3,0,0,0,0,-17,4294967.500,3856744.750,0,0,0,0,0,407.262,18000
41465346,2024,2,11,17,27,10,3,0,0,0,0,-17,4294967.500,3856777.750,0,0,0,0,0,407.282,18000
41856112,2024,2,11,17,27,10,3,0,0,0,0,-17,4294967.500,3856811.000,0,0,0,0,0,407.302,18000
42257421,2024,2,11,17,27,11,3,0,0,0,0,-17,4294967.500,3856844.250,0,0,0,0,0,407.321,18000
42659598,2024,2,11,17,27,11,3,0,0,0,0,-17,4294967.500,3856877.250,0,0,0,0,0,407.341,18000
43079751,2024,2,11,17,27,12,3,0,0,0,0,-17,4294967.500,3856910.500,0,0,0,0,0,407.361,18000
43451357,2024,2,11,17,27,12,3,0,0,0,0,-17,4294967.500,3856943.750,0,0,0,0,0,407.380,18000
43843348,2024,2,11,17,27,12,3,0,0,0,0,-17,4294967.500,3856976.750,0,0,0,0,0,407.400,18000
44244353,2024,2,11,17,27,13,3,0,0,0,0,-17,4294967.500,3857010.250,0,0,0,0,0,407.420,18000
44643564,2024,2,11,17,27,13,3,0,0,0,0,-17,4294967.500,3857043.250,0,0,0,0,0,407.439,18000
45069853,2024,2,11,17,27,14,3,0,0,0,0,-17,4294967.500,3857076.500,0,0,0,0,0,407.459,18000
45435640,2024,2,11,17,27,14,3,0,0,0,0,-17,4294967.500,3857109.750,0,0,0,0,0,407.478,18000
45843333,2024,2,11,17,27,14,3,0,0,0,0,-17,4294967.500,3857143.000,0,0,0,0,0,407.498,18000
46238265,2024,2,11,17,27,15,3,0,0,0,0,-17,4294967.500,3857176.000,0,0,0,0,0,407.518,18000
46630800,2024,2,11,17,27,15,3,0,0,0,0,-17,4294967.500,3857209.500,0,0,0,0,0,407.537,18000
47037394,2024,2,11,17,27,16,3,0,0,0,0,-17,4294967.500,3857242.500,0,0,0,0,0,407.557,18000
47406895,2024,2,11,17,27,16,3,0,0,0,0,-17,4294967.500,3857276.000,0,0,0,0,0,407.577,18000
47802945,2024,2,11,17,27,16,3,0,0,0,0,-17,4294967.500,3857309.250,0,0,0,0,0,407.596,18000
48200093,2024,2,11,17,27,17,3,0,0,0,0,-17,4294967.500,3857342.250,0,0,0,0,0,407.616,18000
48595026,2024,2,11,17,27,17,3,0,0,0,0,-17,4294967.500,3857375.750,0,0,0,0,0,407.636,18000
49025716,2024,2,11,17,27,18,3,0,0,0,0,-17,4294967.500,3857409.000,0,0,0,0,0,407.655,18000
49393172,2024,2,11,17,27,18,3,0,0,0,0,-17,4294967.500,3857442.000,0,0,0,0,0,407.675,18000
49788881,2024,2,11,17,27,18,3,0,0,0,0,-17,4294967.500,3857475.500,0,0,0,0,0,407.694,18000
50179391,2024,2,11,17,27,19,3,0,0,0,0,-17,4294967.500,3857508.750,0,0,0,0,0,407.714,18000
50581948,2024,2,11,17,27,19,3,0,0,0,0,-17,4294967.500,3857542.000,0,0,0,0,0,407.734,18000
51005278,2024,2,11,17,27,20,3,0,0,0,0,-17,4294967.500,3857575.250,0,0,0,0,0,407.753,18000
51368424,2024,2,11,17,27,20,3,0,0,0,0,-17,4294967.500,3857608.500,0,0,0,0,0,407.773,18000
51764463,2024,2,11,17,27,20,3,0,0,0,0,-17,4294967.500,3857642.000,0,0,0,0,0,407.792,18000
52164548,2024,2,11,17,27,21,3,0,0,0,0,-17,4294967.500,3857675.250,0,0,0,0,0,407.812,18000
52556541,2024,2,11,17,27,21,3,0,0,0,0,-17,4294967.500,3857708.500,0,0,0,0,0,407.832,18000
52980742,2024,2,11,17,27,22,3,0,0,0,0,-17,4294967.500,3857741.750,0,0,0,0,0,407.851,18000
53352348,2024,2,11,17,27,22,3,0,0,0,0,-17,4294967.500,3857775.000,0,0,0,0,0,407.871,18000
53744341,2024,2,11,17,27,22,3,0,0,0,0,-17,4294967.500,3857808.500,0,0,0,0,0,407.891,18000
54129683,2024,2,11,17,27,23,3,0,0,0,0,-17,4294967.500,3857841.750,0,0,0,0,0,407.910,18000
54534331,2024,2,11,17,27,23,3,0,0,0,0,-17,4294967.500,3857875.000,0,0,0,0,0,407.930,18000
54945884,2024,2,11,17,27,24,3,0,0,0,0,-17,4294967.500,3857908.500,0,0,0,0,0,407.949,18000
55336631,2024,2,11,17,27,24,3,0,0,0,0,-17,4294967.500,3857941.750,0,0,0,0,0,407.969,18000
55719354,2024,2,11,17,27,24,3,0,0,0,0,-17,4294967.500,3857975.250,0,0,0,0,0,407.989,18000
56114822,2024,2,11,17,27,25,3,0,0,0,0,-17,4294967.500,3858008.500,0,0,0,0,0,408.008,18000
56526519,2024,2,11,17,27,25,3,0,0,0,0,-17,4294967.500,3858041.750,0,0,0,0,0,408.028,18000
56926605,2024,2,11,17,27,26,3,0,0,0,0,-17,4294967.500,3858075.250,0,0,0,0,0,408.047,18000
57321461,2024,2,11,17,27,26,3,0,0,0,0,-17,4294967.500,3858108.500,0,0,0,0,0,408.067,18000
57705030,2024,2,11,17,27,26,3,0,0,0,0,-17,4294967.500,3858142.000,0,0,0,0,0,408.087,18000
58101743,2024,2,11,17,27,27,3,0,0,0,0,-17,4294967.500,3858175.250,0,0,0,0,0,408.106,18000
58500963,2024,2,11,17,27,27,3,0,0,0,0,-17,4294967.500,3858208.750,0,0,0,0,0,408.126,18000
58912657,2024,2,11,17,27,28,3,0,0,0,0,-17,4294967.500,3858242.000,0,0,0,0,0,408.145,18000
59289544,2024,2,11,17,27,28,3,0,0,0,0,-17,4294967.500,3858275.500,0,0,0,0,0,408.165,18000
59685594,2024,2,11,17,27,28,3,0,0,0,0,-17,4294967.500,3858309.000,0,0,0,0,0,408.185,18000
60183863,2024,2,11,17,27,29,3,0,0,0,0,-17,4294967.500,3858350.500,0,0,0,0,0,408.209,18000
60579891,2024,2,11,17,27,29,3,0,0,0,0,-17,4294967.500,3858383.750,0,0,0,0,0,408.229,18000
60974949,2024,2,11,17,27,30,3,0,0,0,0,-17,4294967.500,3858417.500,0,0,0,0,0,408.248,18000
61471308,2024,2,11,17,27,30,3,0,0,0,0,-17,4294967.500,3858459.750,0,0,0,0,0,408.273,18000
61896729,2024,2,11,17,27,31,3,0,0,0,0,-17,4294967.500,3858493.750,0,0,0,0,0,408.292,18000
62258120,2024,2,11,17,27,31,3,0,0,0,0,-17,4294967.500,3858527.750,0,0,0,0,0,408.312,18000
62654150,2024,2,11,17,27,31,3,0,0,0,0,-17,4294967.500,3858561.750,0,0,0,0,0,408.332,18000
63056541,2024,2,11,17,27,32,3,0,0,0,0,-17,4294967.500,3858595.750,0,0,0,0,0,408.351,18000
63446548,2024,2,11,17,27,32,3,0,0,0,0,-17,4294967.500,3858629.750,0,0,0,0,0,408.371,18000
63890790,2024,2,11,17,27,33,3,0,0,0,0,-17,4294967.500,3858663.750,0,0,0,0,0,408.390,18000
64259514,2024,2,11,17,27,33,3,0,0,0,0,-17,4294967.500,3858697.750,0,0,0,0,0,408.410,18000
64634669,2024,2,11,17,27,33,3,0,0,0,0,-17,4294967.500,3858731.500,0,0,0,0,0,408.430,18000
65046322,2024,2,11,17,27,34,3,0,0,0,0,-17,4294967.500,3858765.750,0,0,0,0,0,408.449,18000
65436189,2024,2,11,17,27,34,3,0,0,0,0,-17,4294967.500,3858799.750,0,0,0,0,0,408.469,18000
65854547,2024,2,11,17,27,35,3,0,0,0,0,-17,4294967.500,3858833.750,0,0,0,0,0,408.488,18000
66232700,2024,2,11,17,27,35,3,0,0,0,0,-17,4294967.500,3858867.750,0,0,0,0,0,408.508,18000
66629575,2024,2,11,17,27,35,3,0,0,0,0,-17,4294967.500,3858901.750,0,0,0,0,0,408.528,18000
67032128,2024,2,11,17,27,36,3,0,0,0,0,-17,4294967.500,3858935.750,0,0,0,0,0,408.547,18000
67420811,2024,2,11,17,27,36,3,0,0,0,0,-17,4294967.500,3858970.000,0,0,0,0,0,408.567,18000
67842129,2024,2,11,17,27,37,3,0,0,0,0,-17,4294967.500,3859004.000,0,0,0,0,0,408.586,18000
68207616,2024,2,11,17,27,37,3,0,0,0,0,-17,4294967.500,3859038.000,0,0,0,0,0,408.606,18000
68603661,2024,2,11,17,27,37,3,0,0,0,0,-17,4294967.500,3859072.000,0,0,0,0,0,408.625,18000
68999698,2024,2,11,17,27,38,3,0,0,0,0,-17,4294967.500,3859106.000,0,0,0,0,0,408.645,18000
69395738,2024,2,11,17,27,38,3,0,0,0,0,-17,4294967.500,3859140.250,0,0,0,0,0,408.665,18000
69829562,2024,2,11,17,27,39,3,0,0,0,0,-17,4294967.500,3859174.250,0,0,0,0,0,408.684,18000
70193923,2024,2,11,17,27,39,3,0,0,0,0,-17,4294967.500,3859208.250,0,0,0,0,0,408.704,18000
70591196,2024,2,11,17,27,39,3,0,0,0,0,-17,4294967.500,3859242.250,0,0,0,0,0,408.723,18000
70987237,2024,2,11,17,27,40,3,0,0,0,0,-17,4294967.500,3859276.500,0,0,0,0,0,408.743,18000
71492841,2024,2,11,17,27,40,3,0,0,0,0,-17,4294967.500,3859319.000,0,0,0,0,0,408.767,18000
71857425,2024,2,11,17,27,41,3,0,0,0,0,-17,4294967.500,3859353.250,0,0,0,0,0,408.787,18000
72273713,2024,2,11,17,27,41,3,0,0,0,0,-17,4294967.500,3859387.250,0,0,0,0,0,408.806,18000
72655875,2024,2,11,17,27,41,3,0,0,0,0,-17,4294967.500,3859421.250,0,0,0,0,0,408.826,18000
73160182,2024,2,11,17,27,42,3,0,0,0,0,-17,4294967.500,3859464.000,0,0,0,0,0,408.850,18000
73559425,2024,2,11,17,27,42,3,0,0,0,0,-17,4294967.500,3859498.000,0,0,0,0,0,408.870,18000
73961831,2024,2,11,17,27,43,3,0,0,0,0,-17,4294967.500,3859532.250,0,0,0,0,0,408.890,18000
74339030,2024,2,11,17,27,43,3,0,0,0,0,-17,4294967.500,3859566.500,0,0,0,0,0,408.909,18000
74765440,2024,2,11,17,27,44,3,0,0,0,0,-17,4294967.500,3859600.500,0,0,0,0,0,408.929,18000
75130271,2024,2,11,17,27,44,3,0,0,0,0,-17,4294967.500,3859634.750,0,0,0,0,0,408.948,18000
75539603,2024,2,11,17,27,44,3,0,0,0,0,-17,4294967.500,3859668.750,0,0,0,0,0,408.968,18000
75927299,2024,2,11,17,27,45,3,0,0,0,0,-17,4294967.500,3859703.000,0,0,0,0,0,408.987,18000
76444908,2024,2,11,17,27,45,3,0,0,0,0,-17,4294967.500,3859745.750,0,0,0,0,0,409.012,18000
76808367,2024,2,11,17,27,46,3,0,0,0,0,-17,4294967.500,3859779.750,0,0,0,0,0,409.031,18000
77214943,2024,2,11,17,27,46,3,0,0,0,0,-17,4294967.500,3859814.000,0,0,0,0,0,409.051,18000
77615413,2024,2,11,17,27,46,3,0,0,0,0,-17,4294967.500,3859848.250,0,0,0,0,0,409.071,18000
78118509,2024,2,11,17,27,47,3,0,0,0,0,-17,4294967.500,3859890.750,0,0,0,0,0,409.095,18000
78508015,2024,2,11,17,27,47,3,0,0,0,0,-17,4294967.500,3859925.000,0,0,0,0,0,409.115,18000
78915530,2024,2,11,17,27,48,3,0,0,0,0,-17,4294967.500,3859959.000,0,0,0,0,0,409.134,18000
79294831,2024,2,11,17,27,48,3,0,0,0,0,-17,4294967.500,3859993.250,0,0,0,0,0,409.154,18000
79728393,2024,2,11,17,27,49,3,0,0,0,0,-17,4294967.500,3860027.250,0,0,0,0,0,409.173,18000
80086258,2024,2,11,17,27,49,3,0,0,0,0,-17,4294967.500,3860061.500,0,0,0,0,0,409.193,18000
80482296,2024,2,11,17,27,49,3,0,0,0,0,-17,4294967.500,3860095.750,0,0,0,0,0,409.212,18000
80882623,2024,2,11,17,27,50,3,0,0,0,0,-17,4294967.500,3860129.750,0,0,0,0,0,409.232,18000
81277573,2024,2,11,17,27,50,3,0,0,0,0,-17,4294967.500,3860164.000,0,0,0,0,0,409.251,18000
81702975,2024,2,11,17,27,51,3,0,0,0,0,-17,4294967.500,3860198.250,0,0,0,0,0,409.271,18000
82071395,2024,2,11,17,27,51,3,0,0,0,0,-17,4294967.500,3860232.500,0,0,0,0,0,409.291,18000
82475908,2024,2,11,17,27,51,3,0,0,0,0,-17,4294967.500,3860266.750,0,0,0,0,0,409.310,18000
82856984,2024,2,11,17,27,52,3,0,0,0,0,-17,4294967.500,3860300.750,0,0,0,0,0,409.330,18000
83254253,2024,2,11,17,27,52,3,0,0,0,0,-17,4294967.500,3860335.000,0,0,0,0,0,409.349,18000
83693384,2024,2,11,17,27,53,3,0,0,0,0,-17,4294967.500,3860369.250,0,0,0,0,0,409.369,18000
84036185,2024,2,11,17,27,53,3,0,0,0,0,-17,4294967.500,3860403.500,0,0,0,0,0,409.388,18000
84432767,2024,2,11,17,27,53,3,0,0,0,0,-17,4294967.500,3860437.750,0,0,0,0,0,409.408,18000
84843351,2024,2,11,17,27,54,3,0,0,0,0,-17,4294967.500,3860471.750,0,0,0,0,0,409.427,18000
85229278,2024,2,11,17,27,54,3,0,0,0,0,-17,4294967.500,3860506.000,0,0,0,0,0,409.447,18000
85660790,2024,2,11,17,27,55,3,0,0,0,0,-17,4294967.500,3860540.500,0,0,0,0,0,409.466,18000
86040063,2024,2,11,17,27,55,3,0,0,0,0,-17,4294967.500,3860574.750,0,0,0,0,0,409.486,18000
86418907,2024,2,11,17,27,55,3,0,0,0,0,-17,4294967.500,3860609.000,0,0,0,0,0,409.505,18000
86814289,2024,2,11,17,27,56,3,0,0,0,0,-17,4294967.500,3860643.000,0,0,0,0,0,409.525,18000
87218368,2024,2,11,17,27,56,3,0,0,0,0,-17,4294967.500,3860677.500,0,0,0,0,0,409.545,18000
87636727,2024,2,11,17,27,57,3,0,0,0,0,-17,4294967.500,3860711.750,0,0,0,0,0,409.564,18000
88005495,2024,2,11,17,27,57,3,0,0,0,0,-17,4294967.500,3860746.000,0,0,0,0,0,409.584,18000
88401536,2024,2,11,17,27,57,3,0,0,0,0,-17,4294967.500,3860780.250,0,0,0,0,0,409.603,18000
88809356,2024,2,11,17,27,58,3,0,0,0,0,-17,4294967.500,3860814.500,0,0,0,0,0,409.623,18000
89198154,2024,2,11,17,27,58,3,0,0,0,0,-17,4294967.500,3860848.750,0,0,0,0,0,409.642,18000
89623898,2024,2,11,17,27,59,3,0,0,0,0,-17,4294967.500,3860883.000,0,0,0,0,0,409.662,18000
89990229,2024,2,11,17,27,59,3,0,0,0,0,-17,4294967.500,3860917.250,0,0,0,0,0,409.681,18000
90381333,2024,2,11,17,27,59,3,0,0,0,0,-17,4294967.500,3860951.750,0,0,0,0,0,409.701,18000
90777380,2024,2,11,17,28,0,3,0,0,0,0,-17,4294967.500,3860985.750,0,0,0,0,0,409.720,18000
91174130,2024,2,11,17,28,0,3,0,0,0,0,-17,4294967.500,3861020.250,0,0,0,0,0,409.740,18000
91599154,2024,2,11,17,28,1,3,0,0,0,0,-17,4294967.500,3861054.500,0,0,0,0,0,409.759,18000
91967447,2024,2,11,17,28,1,3,0,0,0,0,-17,4294967.500,3861088.750,0,0,0,0,0,409.779,18000
92367148,2024,2,11,17,28,1,3,0,0,0,0,-17,4294967.500,3861123.250,0,0,0,0,0,409.798,18000
92754561,2024,2,11,17,28,2,3,0,0,0,0,-17,4294967.500,3861157.500,0,0,0,0,0,409.818,18000
93150602,2024,2,11,17,28,2,3,0,0,0,0,-17,4294967.500,3861191.750,0,0,0,0,0,409.837,18000
93584949,2024,2,11,17,28,3,3,0,0,0,0,-17,4294967.500,3861226.250,0,0,0,0,0,409.857,18000
93947982,2024,2,11,17,28,3,3,0,0,0,0,-17,4294967.500,3861260.500,0,0,0,0,0,409.876,18000
94344334,2024,2,11,17,28,3,3,0,0,0,0,-17,4294967.500,3861295.000,0,0,0,0,0,409.896,18000
94740374,2024,2,11,17,28,4,3,0,0,0,0,-17,4294967.500,3861329.250,0,0,0,0,0,409.916,18000
95145251,2024,2,11,17,28,4,3,0,0,0,0,-17,4294967.500,3861363.500,0,0,0,0,0,409.935,18000
95565164,2024,2,11,17,28,5,3,0,0,0,0,-17,4294967.500,3861398.000,0,0,0,0,0,409.955,18000
95931811,2024,2,11,17,28,5,3,0,0,0,0,-17,4294967.500,3861432.250,0,0,0,0,0,409.974,18000
96322901,2024,2,11,17,28,5,3,0,0,0,0,-17,4294967.500,3861466.500,0,0,0,0,0,409.994,18000
96714621,2024,2,11,17,28,6,3,0,0,0,0,-17,4294967.500,3861501.000,0,0,0,0,0,410.013,18000
97114973,2024,2,11,17,28,6,3,0,0,0,0,-17,4294967.500,3861535.250,0,0,0,0,0,410.033,18000
97535135,2024,2,11,17,28,7,3,0,0,0,0,-17,4294967.500,3861569.750,0,0,0,0,0,410.052,18000
97908025,2024,2,11,17,28,7,3,0,0,0,0,-17,4294967.500,3861604.250,0,0,0,0,0,410.072,18000
98305055,2024,2,11,17,28,7,3,0,0,0,0,-17,4294967.500,3861638.500,0,0,0,0,0,410.091,18000
98699711,2024,2,11,17,28,8,3,0,0,0,0,-17,4294967.500,3861673.000,0,0,0,0,0,410.111,18000
99091181,2024,2,11,17,28,8,3,0,0,0,0,-17,4294967.500,3861707.500,0,0,0,0,0,410.130,18000
99522865,2024,2,11,17,28,9,3,0,0,0,0,-17,4294967.500,3861741.750,0,0,0,0,0,410.150,18000
99883261,2024,2,11,17,28,9,3,0,0,0,0,-17,4294967.500,3861776.250,0,0,0,0,0,410.169,18000
100279302,2024,2,11,17,28,9,3,0,0,0,0,-17,4294967.500,3861810.750,0,0,0,0,0,410.189,18000
100682991,2024,2,11,17,28,10,3,0,0,0,0,-17,4294967.500,3861845.250,0,0,0,0,0,410.208,18000
101079032,2024,2,11,17,28,10,3,0,0,0,0,-17,4294967.500,3861879.500,0,0,0,0,0,410.228,18000
101497122,2024,2,11,17,28,11,3,0,0,0,0,-17,4294967.500,3861914.000,0,0,0,0,0,410.247,18000
101873054,2024,2,11,17,28,11,3,0,0,0,0,-17,4294967.500,3861948.500,0,0,0,0,0,410.267,18000
102267463,2024,2,11,17,28,11,3,0,0,0,0,-17,4294967.500,3861982.750,0,0,0,0,0,410.286,18000
102668786,2024,2,11,17,28,12,3,0,0,0,0,-17,4294967.500,3862017.250,0,0,0,0,0,410.306,18000
103045670,2024,2,11,17,28,12,3,0,0,0,0,-17,4294967.500,3862051.750,0,0,0,0,0,410.325,18000
103460873,2024,2,11,17,28,13,3,0,0,0,0,-17,4294967.500,3862086.250,0,0,0,0,0,410.345,18000
103838315,2024,2,11,17,28,13,3,0,0,0,0,-17,4294967.500,3862120.750,0,0,0,0,0,410.364,18000
104242394,2024,2,11,17,28,13,3,0,0,0,0,-17,4294967.500,3862155.250,0,0,0,0,0,410.384,18000
104634207,2024,2,11,17,28,14,3,0,0,0,0,-17,4294967.500,3862189.750,0,0,0,0,0,410.403,18000
105035514,2024,2,11,17,28,14,3,0,0,0,0,-17,4294967.500,3862224.250,0,0,0,0,0,410.423,18000
105467434,2024,2,11,17,28,15,3,0,0,0,0,-17,4294967.500,3862258.750,0,0,0,0,0,410.442,18000
105822328,2024,2,11,17,28,15,3,0,0,0,0,-17,4294967.500,3862293.250,0,0,0,0,0,410.462,18000
106218368,2024,2,11,17,28,15,3,0,0,0,0,-17,4294967.500,3862327.750,0,0,0,0,0,410.481,18000
106626187,2024,2,11,17,28,16,3,0,0,0,0,-17,4294967.500,3862362.250,0,0,0,0,0,410.501,18000
107016950,2024,2,11,17,28,16,3,0,0,0,0,-17,4294967.500,3862396.750,0,0,0,0,0,410.520,18000
107446032,2024,2,11,17,28,17,3,0,0,0,0,-17,4294967.500,3862431.250,0,0,0,0,0,410.540,18000
107812673,2024,2,11,17,28,17,3,0,0,0,0,-17,4294967.500,3862465.750,0,0,0,0,0,410.559,18000
108213990,2024,2,11,17,28,17,3,0,0,0,0,-17,4294967.500,3862500.250,0,0,0,0,0,410.579,18000
108606701,2024,2,11,17,28,18,3,0,0,0,0,-17,4294967.500,3862534.750,0,0,0,0,0,410.598,18000
109000799,2024,2,11,17,28,18,3,0,0,0,0,-17,4294967.500,3862569.250,0,0,0,0,0,410.617,18000
109433754,2024,2,11,17,28,19,3,0,0,0,0,-17,4294967.500,3862604.000,0,0,0,0,0,410.637,18000
109787937,2024,2,11,17,28,19,3,0,0,0,0,-17,4294967.500,3862638.500,0,0,0,0,0,410.656,18000
110183972,2024,2,11,17,28,19,3,0,0,0,0,-17,4294967.500,3862673.000,0,0,0,0,0,410.676,18000
110580008,2024,2,11,17,28,20,3,0,0,0,0,-17,4294967.500,3862707.500,0,0,0,0,0,410.695,18000
110970781,2024,2,11,17,28,20,3,0,0,0,0,-17,4294967.500,3862742.000,0,0,0,0,0,410.715,18000
111407053,2024,2,11,17,28,21,3,0,0,0,0,-17,4294967.500,3862776.750,0,0,0,0,0,410.734,18000
111769090,2024,2,11,17,28,21,3,0,0,0,0,-17,4294967.500,3862811.250,0,0,0,0,0,410.754,18000
112165446,2024,2,11,17,28,21,3,0,0,0,0,-17,4294967.500,3862846.000,0,0,0,0,0,410.773,18000
112566036,2024,2,11,17,28,22,3,0,0,0,0,-17,4294967.500,3862880.250,0,0,0,0,0,410.793,18000
112957529,2024,2,11,17,28,22,3,0,0,0,0,-17,4294967.500,3862915.000,0,0,0,0,0,410.812,18000
113386272,2024,2,11,17,28,23,3,0,0,0,0,-17,4294967.500,3862949.500,0,0,0,0,0,410.832,18000
113749609,2024,2,11,17,28,23,3,0,0,0,0,-17,4294967.500,3862984.250,0,0,0,0,0,410.851,18000
114158557,2024,2,11,17,28,23,3,0,0,0,0,-17,4294967.500,3863018.750,0,0,0,0,0,410.871,18000
114551271,2024,2,11,17,28,24,3,0,0,0,0,-17,4294967.500,3863053.500,0,0,0,0,0,410.890,18000
114945361,2024,2,11,17,28,24,3,0,0,0,0,-17,4294967.500,3863088.250,0,0,0,0,0,410.910,18000
115382371,2024,2,11,17,28,25,3,0,0,0,0,-17,4294967.500,3863122.500,0,0,0,0,0,410.929,18000
115742719,2024,2,11,17,28,25,3,0,0,0,0,-17,4294967.500,3863157.250,0,0,0,0,0,410.949,18000
116134523,2024,2,11,17,28,25,3,0,0,0,0,-17,4294967.500,3863191.750,0,0,0,0,0,410.968,18000
116530563,2024,2,11,17,28,26,3,0,0,0,0,-17,4294967.500,3863226.500,0,0,0,0,0,410.988,18000
116912015,2024,2,11,17,28,26,3,0,0,0,0,-17,4294967.500,3863261.250,0,0,0,0,0,411.007,18000
117343265,2024,2,11,17,28,27,3,0,0,0,0,-17,4294967.500,3863295.750,0,0,0,0,0,411.026,18000
117717962,2024,2,11,17,28,27,3,0,0,0,0,-17,4294967.500,3863330.500,0,0,0,0,0,411.046,18000
118100701,2024,2,11,17,28,27,3,0,0,0,0,-17,4294967.500,3863365.500,0,0,0,0,0,411.065,18000
118504776,2024,2,11,17,28,28,3,0,0,0,0,-17,4294967.500,3863399.750,0,0,0,0,0,411.085,18000
118896584,2024,2,11,17,28,28,3,0,0,0,0,-17,4294967.500,3863434.500,0,0,0,0,0,411.104,18000
119319241,2024,2,11,17,28,29,3,0,0,0,0,-17,4294967.500,3863469.000,0,0,0,0,0,411.124,18000
119690645,2024,2,11,17,28,29,3,0,0,0,0,-17,4294967.500,3863503.750,0,0,0,0,0,411.143,18000
120076666,2024,2,11,17,28,29,3,0,0,0,0,-17,4294967.500,3863538.500,0,0,0,0,0,411.163,18000
120490591,2024,2,11,17,28,30,3,0,0,0,0,-17,4294967.500,3863573.250,0,0,0,0,0,411.182,18000
120878334,2024,2,11,17,28,30,3,0,0,0,0,-17,4294967.500,3863608.000,0,0,0,0,0,411.202,18000
121294488,2024,2,11,17,28,31,3,0,0,0,0,-17,4294967.500,3863642.500,0,0,0,0,0,411.221,18000
121679968,2024,2,11,17,28,31,3,0,0,0,0,-17,4294967.500,3863677.250,0,0,0,0,0,411.240,18000
122071732,2024,2,11,17,28,31,3,0,0,0,0,-17,4294967.500,3863712.000,0,0,0,0,0,411.260,18000
122465830,2024,2,11,17,28,32,3,0,0,0,0,-17,4294967.500,3863746.750,0,0,0,0,0,411.279,18000
122862178,2024,2,11,17,28,32,3,0,0,0,0,-17,4294967.500,3863781.500,0,0,0,0,0,411.299,18000
123307474,2024,2,11,17,28,33,3,0,0,0,0,-17,4294967.500,3863816.000,0,0,0,0,0,411.318,18000
123654263,2024,2,11,17,28,33,3,0,0,0,0,-17,4294967.500,3863850.750,0,0,0,0,0,411.338,18000
124069443,2024,2,11,17,28,33,3,0,0,0,0,-17,4294967.500,3863885.500,0,0,0,0,0,411.357,18000
124441071,2024,2,11,17,28,34,3,0,0,0,0,-17,4294967.500,3863920.250,0,0,0,0,0,411.377,18000
124837123,2024,2,11,17,28,34,3,0,0,0,0,-17,4294967.500,3863955.000,0,0,0,0,0,411.396,18000
125263810,2024,2,11,17,28,35,3,0,0,0,0,-17,4294967.500,3863990.000,0,0,0,0,0,411.416,18000
125630474,2024,2,11,17,28,35,3,0,0,0,0,-17,4294967.500,3864024.500,0,0,0,0,0,411.435,18000
126029828,2024,2,11,17,28,35,3,0,0,0,0,-17,4294967.500,3864059.250,0,0,0,0,0,411.454,18000
126418266,2024,2,11,17,28,36,3,0,0,0,0,-17,4294967.500,3864094.000,0,0,0,0,0,411.474,18000
126823856,2024,2,11,17,28,36,3,0,0,0,0,-17,4294967.500,3864128.750,0,0,0,0,0,411.493,18000
127245316,2024,2,11,17,28,37,3,0,0,0,0,-17,4294967.500,3864163.750,0,0,0,0,0,411.513,18000
127611982,2024,2,11,17,28,37,3,0,0,0,0,-17,4294967.500,3864198.500,0,0,0,0,0,411.532,18000
128008023,2024,2,11,17,28,37,3,0,0,0,0,-17,4294967.500,3864233.250,0,0,0,0,0,411.552,18000
128392525,2024,2,11,17,28,38,3,0,0,0,0,-17,4294967.500,3864268.000,0,0,0,0,0,411.571,18000
128800107,2024,2,11,17,28,38,3,0,0,0,0,-17,4294967.500,3864302.750,0,0,0,0,0,411.590,18000
129225836,2024,2,11,17,28,39,3,0,0,0,0,-17,4294967.500,3864337.750,0,0,0,0,0,411.610,18000
129600776,2024,2,11,17,28,39,3,0,0,0,0,-17,4294967.500,3864372.250,0,0,0,0,0,411.629,18000
130000152,2024,2,11,17,28,39,3,0,0,0,0,-17,4294967.500,3864407.250,0,0,0,0,0,411.649,18000
130391239,2024,2,11,17,28,40,3,0,0,0,0,-17,4294967.500,3864442.000,0,0,0,0,0,411.668,18000
130773398,2024,2,11,17,28,40,3,0,0,0,0,-17,4294967.500,3864476.750,0,0,0,0,0,411.688,18000
131193867,2024,2,11,17,28,41,3,0,0,0,0,-17,4294967.500,3864511.750,0,0,0,0,0,411.707,18000
131566052,2024,2,11,17,28,41,3,0,0,0,0,-17,4294967.500,3864546.500,0,0,0,0,0,411.727,18000
131962077,2024,2,11,17,28,41,3,0,0,0,0,-17,4294967.500,3864581.500,0,0,0,0,0,411.746,18000
132366164,2024,2,11,17,28,42,3,0,0,0,0,-17,4294967.500,3864616.250,0,0,0,0,0,411.765,18000
132764144,2024,2,11,17,28,42,3,0,0,0,0,-17,4294967.500,3864651.000,0,0,0,0,0,411.785,18000
133205711,2024,2,11,17,28,43,3,0,0,0,0,-17,4294967.500,3864686.000,0,0,0,0,0,411.804,18000
133541282,2024,2,11,17,28,43,3,0,0,0,0,-17,4294967.500,3864720.750,0,0,0,0,0,411.824,18000
133946090,2024,2,11,17,28,43,3,0,0,0,0,-17,4294967.500,3864755.500,0,0,0,0,0,411.843,18000
134348621,2024,2,11,17,28,44,3,0,0,0,0,-17,4294967.500,3864790.500,0,0,0,0,0,411.863,18000
134730131,2024,2,11,17,28,44,3,0,0,0,0,-17,4294967.500,3864825.250,0,0,0,0,0,411.882,18000
135174449,2024,2,11,17,28,45,3,0,0,0,0,-17,4294967.500,3864860.250,0,0,0,0,0,411.901,18000
135522211,2024,2,11,17,28,45,3,0,0,0,0,-17,4294967.500,3864895.000,0,0,0,0,0,411.921,18000
135918252,2024,2,11,17,28,45,3,0,0,0,0,-17,4294967.500,3864930.000,0,0,0,0,0,411.940,18000
136326881,2024,2,11,17,28,46,3,0,0,0,0,-17,4294967.500,3864965.000,0,0,0,0,0,411.960,18000
136725196,2024,2,11,17,28,46,3,0,0,0,0,-17,4294967.500,3864999.750,0,0,0,0,0,411.979,18000
137136070,2024,2,11,17,28,47,3,0,0,0,0,-17,4294967.500,3865034.750,0,0,0,0,0,411.998,18000
137504757,2024,2,11,17,28,47,3,0,0,0,0,-17,4294967.500,3865069.500,0,0,0,0,0,412.018,18000
137900810,2024,2,11,17,28,47,3,0,0,0,0,-17,4294967.500,3865104.500,0,0,0,0,0,412.037,18000
138302133,2024,2,11,17,28,48,3,0,0,0,0,-17,4294967.500,3865139.500,0,0,0,0,0,412.057,18000
138698163,2024,2,11,17,28,48,3,0,0,0,0,-17,4294967.500,3865174.250,0,0,0,0,0,412.076,18000
139110606,2024,2,11,17,28,49,3,0,0,0,0,-17,4294967.500,3865209.250,0,0,0,0,0,412.096,18000
139486009,2024,2,11,17,28,49,3,0,0,0,0,-17,4294967.500,3865244.250,0,0,0,0,0,412.115,18000
139876783,2024,2,11,17,28,49,3,0,0,0,0,-17,4294967.500,3865279.000,0,0,0,0,0,412.134,18000
140283625,2024,2,11,17,28,50,3,0,0,0,0,-17,4294967.500,3865314.000,0,0,0,0,0,412.154,18000
140675355,2024,2,11,17,28,50,3,0,0,0,0,-17,4294967.500,3865349.000,0,0,0,0,0,412.173,18000
141099152,2024,2,11,17,28,51,3,0,0,0,0,-17,4294967.500,3865384.000,0,0,0,0,0,412.193,18000
141472056,2024,2,11,17,28,51,3,0,0,0,0,-17,4294967.500,3865419.000,0,0,0,0,0,412.212,18000
141874349,2024,2,11,17,28,51,3,0,0,0,0,-17,4294967.500,3865454.000,0,0,0,0,0,412.231,18000
142265127,2024,2,11,17,28,52,3,0,0,0,0,-17,4294967.500,3865489.000,0,0,0,0,0,412.251,18000
142659229,2024,2,11,17,28,52,3,0,0,0,0,-17,4294967.500,3865524.000,0,0,0,0,0,412.270,18000
143109773,2024,2,11,17,28,53,3,0,0,0,0,-17,4294967.500,3865559.000,0,0,0,0,0,412.290,18000
143465891,2024,2,11,17,28,53,3,0,0,0,0,-17,4294967.500,3865594.000,0,0,0,0,0,412.309,18000
143853893,2024,2,11,17,28,53,3,0,0,0,0,-17,4294967.500,3865629.000,0,0,0,0,0,412.328,18000
144245645,2024,2,11,17,28,54,3,0,0,0,0,-17,4294967.500,3865664.000,0,0,0,0,0,412.348,18000
144645258,2024,2,11,17,28,54,3,0,0,0,0,-17,4294967.500,3865698.750,0,0,0,0,0,412.367,18000
145070999,2024,2,11,17,28,55,3,0,0,0,0,-17,4294967.500,3865733.750,0,0,0,0,0,412.387,18000
145440410,2024,2,11,17,28,55,3,0,0,0,0,-17,4294967.500,3865768.750,0,0,0,0,0,412.406,18000
145837181,2024,2,11,17,28,55,3,0,0,0,0,-17,4294967.500,3865803.750,0,0,0,0,0,412.425,18000
146224479,2024,2,11,17,28,56,3,0,0,0,0,-17,4294967.500,3865838.750,0,0,0,0,0,412.445,18000
146621233,2024,2,11,17,28,56,3,0,0,0,0,-17,4294967.500,3865874.000,0,0,0,0,0,412.464,18000
147041673,2024,2,11,17,28,57,3,0,0,0,0,-17,4294967.500,3865909.000,0,0,0,0,0,412.484,18000
147416386,2024,2,11,17,28,57,3,0,0,0,0,-17,4294967.500,3865944.000,0,0,0,0,0,412.503,18000
147812426,2024,2,11,17,28,57,3,0,0,0,0,-17,4294967.500,3865979.000,0,0,0,0,0,412.522,18000
148214958,2024,2,11,17,28,58,3,0,0,0,0,-17,4294967.500,3866014.000,0,0,0,0,0,412.542,18000
148596467,2024,2,11,17,28,58,3,0,0,0,0,-17,4294967.500,3866049.250,0,0,0,0,0,412.561,18000
149045356,2024,2,11,17,28,59,3,0,0,0,0,-17,4294967.500,3866084.250,0,0,0,0,0,412.581,18000
149396184,2024,2,11,17,28,59,3,0,0,0,0,-17,4294967.500,3866119.250,0,0,0,0,0,412.600,18000
149792941,2024,2,11,17,28,59,3,0,0,0,0,-17,4294967.500,3866154.250,0,0,0,0,0,412.619,18000
150195493,2024,2,11,17,29,0,3,0,0,0,0,-17,4294967.500,3866189.500,0,0,0,0,0,412.639,18000
150586246,2024,2,11,17,29,0,3,0,0,0,0,-17,4294967.500,3866224.500,0,0,0,0,0,412.658,18000
151005495,2024,2,11,17,29,1,3,0,0,0,0,-17,4294967.500,3866259.500,0,0,0,0,0,412.678,18000
151371115,2024,2,11,17,29,1,3,0,0,0,0,-17,4294967.500,3866294.750,0,0,0,0,0,412.697,18000
151762196,2024,2,11,17,29,1,3,0,0,0,0,-17,4294967.500,3866329.750,0,0,0,0,0,412.716,18000
152163514,2024,2,11,17,29,2,3,0,0,0,0,-17,4294967.500,3866364.750,0,0,0,0,0,412.736,18000
152554276,2024,2,11,17,29,2,3,0,0,0,0,-17,4294967.500,3866400.000,0,0,0,0,0,412.755,18000
152980032,2024,2,11,17,29,3,3,0,0,0,0,-17,4294967.500,3866435.000,0,0,0,0,0,412.774,18000
153351968,2024,2,11,17,29,3,3,0,0,0,0,-17,4294967.500,3866470.250,0,0,0,0,0,412.794,18000
153743435,2024,2,11,17,29,3,3,0,0,0,0,-17,4294967.500,3866505.250,0,0,0,0,0,412.813,18000
154139476,2024,2,11,17,29,4,3,0,0,0,0,-17,4294967.500,3866540.500,0,0,0,0,0,412.833,18000
154535516,2024,2,11,17,29,4,3,0,0,0,0,-17,4294967.500,3866575.500,0,0,0,0,0,412.852,18000
154960541,2024,2,11,17,29,5,3,0,0,0,0,-17,4294967.500,3866610.750,0,0,0,0,0,412.871,18000
155332170,2024,2,11,17,29,5,3,0,0,0,0,-17,4294967.500,3866645.750,0,0,0,0,0,412.891,18000
155718683,2024,2,11,17,29,5,3,0,0,0,0,-17,4294967.500,3866681.000,0,0,0,0,0,412.910,18000
156121235,2024,2,11,17,29,6,3,0,0,0,0,-17,4294967.500,3866716.000,0,0,0,0,0,412.929,18000
156517276,2024,2,11,17,29,6,3,0,0,0,0,-17,4294967.500,3866751.250,0,0,0,0,0,412.949,18000
156936504,2024,2,11,17,29,7,3,0,0,0,0,-17,4294967.500,3866786.500,0,0,0,0,0,412.968,18000
157307421,2024,2,11,17,29,7,3,0,0,0,0,-17,4294967.500,3866821.750,0,0,0,0,0,412.988,18000
157709038,2024,2,11,17,29,7,3,0,0,0,0,-17,4294967.500,3866856.750,0,0,0,0,0,413.007,18000
158099805,2024,2,11,17,29,8,3,0,0,0,0,-17,4294967.500,3866892.000,0,0,0,0,0,413.026,18000
158495848,2024,2,11,17,29,8,3,0,0,0,0,-17,4294967.500,3866927.250,0,0,0,0,0,413.046,18000
158916000,2024,2,11,17,29,9,3,0,0,0,0,-17,4294967.500,3866962.250,0,0,0,0,0,413.065,18000
159282663,2024,2,11,17,29,9,3,0,0,0,0,-17,4294967.500,3866997.500,0,0,0,0,0,413.084,18000
159679966,2024,2,11,17,29,9,3,0,0,0,0,-17,4294967.500,3867032.750,0,0,0,0,0,413.104,18000
160075051,2024,2,11,17,29,10,3,0,0,0,0,-17,4294967.500,3867067.750,0,0,0,0,0,413.123,18000
160477319,2024,2,11,17,29,10,3,0,0,0,0,-17,4294967.500,3867103.000,0,0,0,0,0,413.143,18000
160909004,2024,2,11,17,29,11,3,0,0,0,0,-17,4294967.500,3867138.250,0,0,0,0,0,413.162,18000
161283039,2024,2,11,17,29,11,3,0,0,0,0,-17,4294967.500,3867173.500,0,0,0,0,0,413.181,18000
161675032,2024,2,11,17,29,11,3,0,0,0,0,-17,4294967.500,3867208.500,0,0,0,0,0,413.201,18000
162069133,2024,2,11,17,29,12,3,0,0,0,0,-17,4294967.500,3867243.500,0,0,0,0,0,413.220,18000
162465166,2024,2,11,17,29,12,3,0,0,0,0,-17,4294967.500,3867278.750,0,0,0,0,0,413.239,18000
162898126,2024,2,11,17,29,13,3,0,0,0,0,-17,4294967.500,3867314.000,0,0,0,0,0,413.259,18000
163257568,2024,2,11,17,29,13,3,0,0,0,0,-17,4294967.500,3867349.250,0,0,0,0,0,413.278,18000
163650290,2024,2,11,17,29,13,3,0,0,0,0,-17,4294967.500,3867384.500,0,0,0,0,0,413.297,18000
164065468,2024,2,11,17,29,14,3,0,0,0,0,-17,4294967.500,3867419.750,0,0,0,0,0,413.317,18000
164447631,2024,2,11,17,29,14,3,0,0,0,0,-17,4294967.500,3867454.750,0,0,0,0,0,413.336,18000
164971158,2024,2,11,17,29,15,3,0,0,0,0,-17,4294967.500,3867499.000,0,0,0,0,0,413.360,18000
165331522,2024,2,11,17,29,15,3,0,0,0,0,-17,4294967.500,3867534.250,0,0,0,0,0,413.380,18000
165722595,2024,2,11,17,29,15,3,0,0,0,0,-17,4294967.500,3867569.500,0,0,0,0,0,413.399,18000
166118628,2024,2,11,17,29,16,3,0,0,0,0,-17,4294967.500,3867604.500,0,0,0,0,0,413.418,18000
166519949,2024,2,11,17,29,16,3,0,0,0,0,-17,4294967.500,3867639.750,0,0,0,0,0,413.438,18000
166902677,2024,2,11,17,29,17,3,0,0,0,0,-17,4294967.500,3867675.000,0,0,0,0,0,413.457,18000
167308698,2024,2,11,17,29,17,3,0,0,0,0,-17,4294967.500,3867710.250,0,0,0,0,0,413.476,18000
167703830,2024,2,11,17,29,17,3,0,0,0,0,-17,4294967.500,3867745.500,0,0,0,0,0,413.496,18000
168099871,2024,2,11,17,29,18,3,0,0,0,0,-17,4294967.500,3867780.750,0,0,0,0,0,413.515,18000
168495912,2024,2,11,17,29,18,3,0,0,0,0,-17,4294967.500,3867816.250,0,0,0,0,0,413.534,18000
168886685,2024,2,11,17,29,19,3,0,0,0,0,-17,4294967.500,3867851.500,0,0,0,0,0,413.554,18000
169289216,2024,2,11,17,29,19,3,0,0,0,0,-17,4294967.500,3867886.750,0,0,0,0,0,413.573,18000
169688911,2024,2,11,17,29,19,3,0,0,0,0,-17,4294967.500,3867922.000,0,0,0,0,0,413.592,18000
170081632,2024,2,11,17,29,20,3,0,0,0,0,-17,4294967.500,3867957.250,0,0,0,0,0,413.612,18000
170480996,2024,2,11,17,29,20,3,0,0,0,0,-17,4294967.500,3867992.500,0,0,0,0,0,413.631,18000
170877999,2024,2,11,17,29,21,3,0,0,0,0,-17,4294967.500,3868028.000,0,0,0,0,0,413.650,18000
171278343,2024,2,11,17,29,21,3,0,0,0,0,-17,4294967.500,3868063.250,0,0,0,0,0,413.670,18000
171674386,2024,2,11,17,29,21,3,0,0,0,0,-17,4294967.500,3868098.500,0,0,0,0,0,413.689,18000
172070989,2024,2,11,17,29,22,3,0,0,0,0,-17,4294967.500,3868133.750,0,0,0,0,0,413.708,18000
172475084,2024,2,11,17,29,22,3,0,0,0,0,-17,4294967.500,3868169.250,0,0,0,0,0,413.728,18000
172844427,2024,2,11,17,29,23,3,0,0,0,0,-17,4294967.500,3868204.500,0,0,0,0,0,413.747,18000
173248313,2024,2,11,17,29,23,3,0,0,0,0,-17,4294967.500,3868239.750,0,0,0,0,0,413.766,18000
173649639,2024,2,11,17,29,23,3,0,0,0,0,-17,4294967.500,3868275.250,0,0,0,0,0,413.786,18000
174046248,2024,2,11,17,29,24,3,0,0,0,0,-17,4294967.500,3868310.500,0,0,0,0,0,413.805,18000
174443015,2024,2,11,17,29,24,3,0,0,0,0,-17,4294967.500,3868346.000,0,0,0,0,0,413.825,18000
174832792,2024,2,11,17,29,25,3,0,0,0,0,-17,4294967.500,3868381.250,0,0,0,0,0,413.844,18000
175235097,2024,2,11,17,29,25,3,0,0,0,0,-17,4294967.500,3868416.500,0,0,0,0,0,413.863,18000
175638763,2024,2,11,17,29,25,3,0,0,0,0,-17,4294967.500,3868452.000,0,0,0,0,0,413.882,18000
176034792,2024,2,11,17,29,26,3,0,0,0,0,-17,4294967.500,3868487.250,0,0,0,0,0,413.902,18000
176425563,2024,2,11,17,29,26,3,0,0,0,0,-17,4294967.500,3868522.750,0,0,0,0,0,413.921,18000
176802788,2024,2,11,17,29,27,3,0,0,0,0,-17,4294967.500,3868558.000,0,0,0,0,0,413.940,18000
177239697,2024,2,11,17,29,27,3,0,0,0,0,-17,4294967.500,3868593.500,0,0,0,0,0,413.960,18000
177629831,2024,2,11,17,29,27,3,0,0,0,0,-17,4294967.500,3868629.000,0,0,0,0,0,413.979,18000
178119602,2024,2,11,17,29,28,3,0,0,0,0,-17,4294967.500,3868673.000,0,0,0,0,0,414.003,18000
178501776,2024,2,11,17,29,28,3,0,0,0,0,-17,4294967.500,3868708.500,0,0,0,0,0,414.023,18000
178901138,2024,2,11,17,29,29,3,0,0,0,0,-17,4294967.500,3868743.750,0,0,0,0,0,414.042,18000
179297178,2024,2,11,17,29,29,3,0,0,0,0,-17,4294967.500,3868779.250,0,0,0,0,0,414.061,18000
179722923,2024,2,11,17,29,30,3,0,0,0,0,-17,4294967.500,3868814.750,0,0,0,0,0,414.081,18000
180084296,2024,2,11,17,29,30,3,0,0,0,0,-17,4294967.500,3868850.000,0,0,0,0,0,414.100,18000
180480344,2024,2,11,17,29,30,3,0,0,0,0,-17,4294967.500,3868885.500,0,0,0,0,0,414.119,18000
180881672,2024,2,11,17,29,31,3,0,0,0,0,-17,4294967.500,3868921.000,0,0,0,0,0,414.139,18000
181274377,2024,2,11,17,29,31,3,0,0,0,0,-17,4294967.500,3868956.500,0,0,0,0,0,414.158,18000
181685564,2024,2,11,17,29,32,3,0,0,0,0,-17,4294967.500,3868991.750,0,0,0,0,0,414.177,18000
182060266,2024,2,11,17,29,32,3,0,0,0,0,-17,4294967.500,3869027.250,0,0,0,0,0,414.196,18000
182461579,2024,2,11,17,29,32,3,0,0,0,0,-17,4294967.500,3869062.750,0,0,0,0,0,414.216,18000
182853572,2024,2,11,17,29,33,3,0,0,0,0,-17,4294967.500,3869098.250,0,0,0,0,0,414.235,18000
183254911,2024,2,11,17,29,33,3,0,0,0,0,-17,4294967.500,3869133.750,0,0,0,0,0,414.254,18000
183679400,2024,2,11,17,29,34,3,0,0,0,0,-17,4294967.500,3869169.250,0,0,0,0,0,414.274,18000
184050317,2024,2,11,17,29,34,3,0,0,0,0,-17,4294967.500,3869204.750,0,0,0,0,0,414.293,18000
184443344,2024,2,11,17,29,34,3,0,0,0,0,-17,4294967.500,3869240.000,0,0,0,0,0,414.312,18000
184844645,2024,2,11,17,29,35,3,0,0,0,0,-17,4294967.500,3869276.000,0,0,0,0,0,414.332,18000
185235425,2024,2,11,17,29,35,3,0,0,0,0,-17,4294967.500,3869312.250,0,0,0,0,0,414.351,18000
185659209,2024,2,11,17,29,36,3,0,0,0,0,-17,4294967.500,3869348.250,0,0,0,0,0,414.370,18000
186020292,2024,2,11,17,29,36,3,0,0,0,0,-17,4294967.500,3869384.250,0,0,0,0,0,414.390,18000
186416638,2024,2,11,17,29,36,3,0,0,0,0,-17,4294967.500,3869420.250,0,0,0,0,0,414.409,18000
186812686,2024,2,11,17,29,37,3,0,0,0,0,-17,4294967.500,3869456.250,0,0,0,0,0,414.428,18000
187208731,2024,2,11,17,29,37,3,0,0,0,0,-17,4294967.500,3869492.250,0,0,0,0,0,414.447,18000
187645244,2024,2,11,17,29,38,3,0,0,0,0,-17,4294967.500,3869528.500,0,0,0,0,0,414.467,18000
188006070,2024,2,11,17,29,38,3,0,0,0,0,-17,4294967.500,3869564.500,0,0,0,0,0,414.486,18000
188397166,2024,2,11,17,29,38,3,0,0,0,0,-17,4294967.500,3869600.500,0,0,0,0,0,414.505,18000
188799448,2024,2,11,17,29,39,3,0,0,0,0,-17,4294967.500,3869636.750,0,0,0,0,0,414.525,18000
189191180,2024,2,11,17,29,39,3,0,0,0,0,-17,4294967.500,3869672.750,0,0,0,0,0,414.544,18000
189639797,2024,2,11,17,29,40,3,0,0,0,0,-17,4294967.500,3869708.750,0,0,0,0,0,414.563,18000
189991863,2024,2,11,17,29,40,3,0,0,0,0,-17,4294967.500,3869745.000,0,0,0,0,0,414.583,18000
190391239,2024,2,11,17,29,40,3,0,0,0,0,-17,4294967.500,3869781.000,0,0,0,0,0,414.602,18000
190783944,2024,2,11,17,29,41,3,0,0,0,0,-17,4294967.500,3869817.000,0,0,0,0,0,414.621,18000
191178043,2024,2,11,17,29,41,3,0,0,0,0,-17,4294967.500,3869853.250,0,0,0,0,0,414.640,18000
191591852,2024,2,11,17,29,42,3,0,0,0,0,-17,4294967.500,3869889.500,0,0,0,0,0,414.660,18000
191967121,2024,2,11,17,29,42,3,0,0,0,0,-17,4294967.500,3869925.500,0,0,0,0,0,414.679,18000
192367197,2024,2,11,17,29,42,3,0,0,0,0,-17,4294967.500,3869961.750,0,0,0,0,0,414.698,18000
192767800,2024,2,11,17,29,43,3,0,0,0,0,-17,4294967.500,3869997.750,0,0,0,0,0,414.718,18000
193153290,2024,2,11,17,29,43,3,0,0,0,0,-17,4294967.500,3870034.000,0,0,0,0,0,414.737,18000
193584306,2024,2,11,17,29,44,3,0,0,0,0,-17,4294967.500,3870070.000,0,0,0,0,0,414.756,18000
194036342,2024,2,11,17,29,44,3,0,0,0,0,-17,4294967.500,3870115.250,0,0,0,0,0,414.780,18000
194445678,2024,2,11,17,29,44,3,0,0,0,0,-17,4294967.500,3870151.250,0,0,0,0,0,414.800,18000
194836771,2024,2,11,17,29,45,3,0,0,0,0,-17,4294967.500,3870187.500,0,0,0,0,0,414.819,18000
195232817,2024,2,11,17,29,45,3,0,0,0,0,-17,4294967.500,3870223.750,0,0,0,0,0,414.838,18000
195635098,2024,2,11,17,29,46,3,0,0,0,0,-17,4294967.500,3870259.750,0,0,0,0,0,414.857,18000
196031137,2024,2,11,17,29,46,3,0,0,0,0,-17,4294967.500,3870296.000,0,0,0,0,0,414.877,18000
196422891,2024,2,11,17,29,46,3,0,0,0,0,-17,4294967.500,3870332.250,0,0,0,0,0,414.896,18000
196818277,2024,2,11,17,29,47,3,0,0,0,0,-17,4294967.500,3870368.250,0,0,0,0,0,414.915,18000
197213359,2024,2,11,17,29,47,3,0,0,0,0,-17,4294967.500,3870404.750,0,0,0,0,0,414.935,18000
197604822,2024,2,11,17,29,48,3,0,0,0,0,-17,4294967.500,3870440.750,0,0,0,0,0,414.954,18000
198005431,2024,2,11,17,29,48,3,0,0,0,0,-17,4294967.500,3870477.000,0,0,0,0,0,414.973,18000
198403426,2024,2,11,17,29,48,3,0,0,0,0,-17,4294967.500,3870513.250,0,0,0,0,0,414.992,18000
198821931,2024,2,11,17,29,49,3,0,0,0,0,-17,4294967.500,3870549.500,0,0,0,0,0,415.012,18000
199204664,2024,2,11,17,29,49,3,0,0,0,0,-17,4294967.500,3870585.750,0,0,0,0,0,415.031,18000
199585342,2024,2,11,17,29,50,3,0,0,0,0,-17,4294967.500,3870621.750,0,0,0,0,0,415.050,18000
199980679,2024,2,11,17,29,50,3,0,0,0,0,-17,4294967.500,3870658.000,0,0,0,0,0,415.070,18000
200376727,2024,2,11,17,29,50,3,0,0,0,0,-17,4294967.500,3870694.250,0,0,0,0,0,415.089,18000
200772763,2024,2,11,17,29,51,3,0,0,0,0,-17,4294967.500,3870730.500,0,0,0,0,0,415.108,18000
201169108,2024,2,11,17,29,51,3,0,0,0,0,-17,4294967.500,3870766.750,0,0,0,0,0,415.127,18000
201566095,2024,2,11,17,29,52,3,0,0,0,0,-17,4294967.500,3870803.000,0,0,0,0,0,415.147,18000
201967428,2024,2,11,17,29,52,3,0,0,0,0,-17,4294967.500,3870839.250,0,0,0,0,0,415.166,18000
202358186,2024,2,11,17,29,52,3,0,0,0,0,-17,4294967.500,3870875.500,0,0,0,0,0,415.185,18000
202754227,2024,2,11,17,29,53,3,0,0,0,0,-17,4294967.500,3870911.750,0,0,0,0,0,415.204,18000
203155550,2024,2,11,17,29,53,3,0,0,0,0,-17,4294967.500,3870948.000,0,0,0,0,0,415.224,18000
203540407,2024,2,11,17,29,54,3,0,0,0,0,-17,4294967.500,3870984.500,0,0,0,0,0,415.243,18000
203943655,2024,2,11,17,29,54,3,0,0,0,0,-17,4294967.500,3871020.750,0,0,0,0,0,415.262,18000
204352032,2024,2,11,17,29,54,3,0,0,0,0,-17,4294967.500,3871057.000,0,0,0,0,0,415.281,18000
204735736,2024,2,11,17,29,55,3,0,0,0,0,-17,4294967.500,3871093.250,0,0,0,0,0,415.301,18000
205130787,2024,2,11,17,29,55,3,0,0,0,0,-17,4294967.500,3871129.500,0,0,0,0,0,415.320,18000
205526440,2024,2,11,17,29,56,3,0,0,0,0,-17,4294967.500,3871165.750,0,0,0,0,0,415.339,18000
205932459,2024,2,11,17,29,56,3,0,0,0,0,-17,4294967.500,3871202.000,0,0,0,0,0,415.359,18000
206314943,2024,2,11,17,29,56,3,0,0,0,0,-17,4294967.500,3871238.500,0,0,0,0,0,415.378,18000
206717648,2024,2,11,17,29,57,3,0,0,0,0,-17,4294967.500,3871274.750,0,0,0,0,0,415.397,18000
207113675,2024,2,11,17,29,57,3,0,0,0,0,-17,4294967.500,3871311.000,0,0,0,0,0,415.416,18000
207496167,2024,2,11,17,29,58,3,0,0,0,0,-17,4294967.500,3871347.250,0,0,0,0,0,415.436,18000
207911041,2024,2,11,17,29,58,3,0,0,0,0,-17,4294967.500,3871383.750,0,0,0,0,0,415.455,18000
208301814,2024,2,11,17,29,58,3,0,0,0,0,-17,4294967.500,3871420.000,0,0,0,0,0,415.474,18000
208703456,2024,2,11,17,29,59,3,0,0,0,0,-17,4294967.500,3871456.250,0,0,0,0,0,415.493,18000
209094921,2024,2,11,17,29,59,3,0,0,0,0,-17,4294967.500,3871492.750,0,0,0,0,0,415.513,18000
209492196,2024,2,11,17,30,0,3,0,0,0,0,-17,4294967.500,3871529.000,0,0,0,0,0,415.532,18000
209892523,2024,2,11,17,30,0,3,0,0,0,0,-17,4294967.500,3871565.500,0,0,0,0,0,415.551,18000
210284277,2024,2,11,17,30,0,3,0,0,0,0,-17,4294967.500,3871601.750,0,0,0,0,0,415.570,18000
210680317,2024,2,11,17,30,1,3,0,0,0,0,-17,4294967.500,3871638.000,0,0,0,0,0,415.590,18000
211076692,2024,2,11,17,30,1,3,0,0,0,0,-17,4294967.500,3871674.500,0,0,0,0,0,415.609,18000
211472731,2024,2,11,17,30,2,3,0,0,0,0,-17,4294967.500,3871711.000,0,0,0,0,0,415.628,18000
211868760,2024,2,11,17,30,2,3,0,0,0,0,-17,4294967.500,3871747.250,0,0,0,0,0,415.647,18000
212273390,2024,2,11,17,30,2,3,0,0,0,0,-17,4294967.500,3871783.750,0,0,0,0,0,415.667,18000
212660851,2024,2,11,17,30,3,3,0,0,0,0,-17,4294967.500,3871820.000,0,0,0,0,0,415.686,18000
213056892,2024,2,11,17,30,3,3,0,0,0,0,-17,4294967.500,3871856.500,0,0,0,0,0,415.705,18000
213452934,2024,2,11,17,30,4,3,0,0,0,0,-17,4294967.500,3871892.750,0,0,0,0,0,415.724,18000
213852288,2024,2,11,17,30,4,3,0,0,0,0,-17,4294967.500,3871929.250,0,0,0,0,0,415.744,18000
214254159,2024,2,11,17,30,4,3,0,0,0,0,-17,4294967.500,3871965.750,0,0,0,0,0,415.763,18000
214650211,2024,2,11,17,30,5,3,0,0,0,0,-17,4294967.500,3872002.000,0,0,0,0,0,415.782,18000
215035448,2024,2,11,17,30,5,3,0,0,0,0,-17,4294967.500,3872038.500,0,0,0,0,0,415.801,18000
215426223,2024,2,11,17,30,6,3,0,0,0,0,-17,4294967.500,3872075.000,0,0,0,0,0,415.821,18000
215834746,2024,2,11,17,30,6,3,0,0,0,0,-17,4294967.500,3872111.250,0,0,0,0,0,415.840,18000
216229797,2024,2,11,17,30,6,3,0,0,0,0,-17,4294967.500,3872147.750,0,0,0,0,0,415.859,18000
216619939,2024,2,11,17,30,7,3,0,0,0,0,-17,4294967.500,3872184.250,0,0,0,0,0,415.878,18000
217011652,2024,2,11,17,30,7,3,0,0,0,0,-17,4294967.500,3872220.750,0,0,0,0,0,415.897,18000
217401466,2024,2,11,17,30,8,3,0,0,0,0,-17,4294967.500,3872257.250,0,0,0,0,0,415.917,18000
217810005,2024,2,11,17,30,8,3,0,0,0,0,-17,4294967.500,3872293.500,0,0,0,0,0,415.936,18000
218206046,2024,2,11,17,30,8,3,0,0,0,0,-17,4294967.500,3872330.250,0,0,0,0,0,415.955,18000
218608740,2024,2,11,17,30,9,3,0,0,0,0,-17,4294967.500,3872366.500,0,0,0,0,0,415.974,18000
219004771,2024,2,11,17,30,9,3,0,0,0,0,-17,4294967.500,3872403.000,0,0,0,0,0,415.994,18000
219383929,2024,2,11,17,30,10,3,0,0,0,0,-17,4294967.500,3872439.500,0,0,0,0,0,416.013,18000
219792623,2024,2,11,17,30,10,3,0,0,0,0,-17,4294967.500,3872476.000,0,0,0,0,0,416.032,18000
220198505,2024,2,11,17,30,10,3,0,0,0,0,-17,4294967.500,3872512.500,0,0,0,0,0,416.051,18000
220583988,2024,2,11,17,30,11,3,0,0,0,0,-17,4294967.500,3872549.000,0,0,0,0,0,416.071,18000
220985295,2024,2,11,17,30,11,3,0,0,0,0,-17,4294967.500,3872585.500,0,0,0,0,0,416.090,18000
221368015,2024,2,11,17,30,12,3,0,0,0,0,-17,4294967.500,3872622.000,0,0,0,0,0,416.109,18000
221764045,2024,2,11,17,30,12,3,0,0,0,0,-17,4294967.500,3872658.500,0,0,0,0,0,416.128,18000
222173751,2024,2,11,17,30,12,3,0,0,0,0,-17,4294967.500,3872695.000,0,0,0,0,0,416.147,18000
222559951,2024,2,11,17,30,13,3,0,0,0,0,-17,4294967.500,3872731.500,0,0,0,0,0,416.167,18000
222963238,2024,2,11,17,30,13,3,0,0,0,0,-17,4294967.500,3872768.250,0,0,0,0,0,416.186,18000
223373359,2024,2,11,17,30,14,3,0,0,0,0,-17,4294967.500,3872804.750,0,0,0,0,0,416.205,18000
223749303,2024,2,11,17,30,14,3,0,0,0,0,-17,4294967.500,3872841.000,0,0,0,0,0,416.224,18000
224144426,2024,2,11,17,30,14,3,0,0,0,0,-17,4294967.500,3872877.750,0,0,0,0,0,416.244,18000
224541700,2024,2,11,17,30,15,3,0,0,0,0,-17,4294967.500,3872914.250,0,0,0,0,0,416.263,18000
224941069,2024,2,11,17,30,15,3,0,0,0,0,-17,4294967.500,3872950.750,0,0,0,0,0,416.282,18000
225319909,2024,2,11,17,30,16,3,0,0,0,0,-17,4294967.500,3872987.500,0,0,0,0,0,416.301,18000
225727877,2024,2,11,17,30,16,3,0,0,0,0,-17,4294967.500,3873024.000,0,0,0,0,0,416.320,18000
226123905,2024,2,11,17,30,16,3,0,0,0,0,-17,4294967.500,3873060.500,0,0,0,0,0,416.340,18000
226520271,2024,2,11,17,30,17,3,0,0,0,0,-17,4294967.500,3873097.000,0,0,0,0,0,416.359,18000
227010054,2024,2,11,17,30,17,3,0,0,0,0,-17,4294967.500,3873142.750,0,0,0,0,0,416.383,18000
227418582,2024,2,11,17,30,18,3,0,0,0,0,-17,4294967.500,3873179.500,0,0,0,0,0,416.402,18000
227802118,2024,2,11,17,30,18,3,0,0,0,0,-17,4294967.500,3873216.000,0,0,0,0,0,416.421,18000
228227864,2024,2,11,17,30,19,3,0,0,0,0,-17,4294967.500,3873252.500,0,0,0,0,0,416.441,18000
228599801,2024,2,11,17,30,19,3,0,0,0,0,-17,4294967.500,3873289.250,0,0,0,0,0,416.460,18000
229001113,2024,2,11,17,30,19,3,0,0,0,0,-17,4294967.500,3873325.750,0,0,0,0,0,416.479,18000
229398110,2024,2,11,17,30,20,3,0,0,0,0,-17,4294967.500,3873362.500,0,0,0,0,0,416.498,18000
229788892,2024,2,11,17,30,20,3,0,0,0,0,-17,4294967.500,3873399.000,0,0,0,0,0,416.517,18000
230214620,2024,2,11,17,30,21,3,0,0,0,0,-17,4294967.500,3873435.750,0,0,0,0,0,416.537,18000
230576006,2024,2,11,17,30,21,3,0,0,0,0,-17,4294967.500,3873472.250,0,0,0,0,0,416.556,18000
230972048,2024,2,11,17,30,21,3,0,0,0,0,-17,4294967.500,3873509.000,0,0,0,0,0,416.575,18000
231369077,2024,2,11,17,30,22,3,0,0,0,0,-17,4294967.500,3873545.500,0,0,0,0,0,416.594,18000
231770400,2024,2,11,17,30,22,3,0,0,0,0,-17,4294967.500,3873582.250,0,0,0,0,0,416.613,18000
232189867,2024,2,11,17,30,23,3,0,0,0,0,-17,4294967.500,3873619.000,0,0,0,0,0,416.633,18000
232574400,2024,2,11,17,30,23,3,0,0,0,0,-17,4294967.500,3873655.500,0,0,0,0,0,416.652,18000
232965176,2024,2,11,17,30,23,3,0,0,0,0,-17,4294967.500,3873692.000,0,0,0,0,0,416.671,18000
233361216,2024,2,11,17,30,24,3,0,0,0,0,-17,4294967.500,3873728.750,0,0,0,0,0,416.690,18000
233740364,2024,2,11,17,30,24,3,0,0,0,0,-17,4294967.500,3873765.500,0,0,0,0,0,416.709,18000
234171061,2024,2,11,17,30,25,3,0,0,0,0,-17,4294967.500,3873802.250,0,0,0,0,0,416.729,18000
234535776,2024,2,11,17,30,25,3,0,0,0,0,-17,4294967.500,3873838.750,0,0,0,0,0,416.748,18000
234931814,2024,2,11,17,30,25,3,0,0,0,0,-17,4294967.500,3873875.500,0,0,0,0,0,416.767,18000
235328426,2024,2,11,17,30,26,3,0,0,0,0,-17,4294967.500,3873912.250,0,0,0,0,0,416.786,18000
235732508,2024,2,11,17,30,26,3,0,0,0,0,-17,4294967.500,3873949.000,0,0,0,0,0,416.805,18000
236135752,2024,2,11,17,30,27,3,0,0,0,0,-17,4294967.500,3873985.750,0,0,0,0,0,416.825,18000
236524896,2024,2,11,17,30,27,3,0,0,0,0,-17,4294967.500,3874022.250,0,0,0,0,0,416.844,18000
236916387,2024,2,11,17,30,27,3,0,0,0,0,-17,4294967.500,3874059.000,0,0,0,0,0,416.863,18000
237317694,2024,2,11,17,30,28,3,0,0,0,0,-17,4294967.500,3874095.750,0,0,0,0,0,416.882,18000
237713020,2024,2,11,17,30,28,3,0,0,0,0,-17,4294967.500,3874132.500,0,0,0,0,0,416.901,18000
238126171,2024,2,11,17,30,29,3,0,0,0,0,-17,4294967.500,3874169.250,0,0,0,0,0,416.921,18000
238497452,2024,2,11,17,30,29,3,0,0,0,0,-17,4294967.500,3874206.000,0,0,0,0,0,416.940,18000
238898117,2024,2,11,17,30,29,3,0,0,0,0,-17,4294967.500,3874242.750,0,0,0,0,0,416.959,18000
239289213,2024,2,11,17,30,30,3,0,0,0,0,-17,4294967.500,3874279.500,0,0,0,0,0,416.978,18000
239693929,2024,2,11,17,30,30,3,0,0,0,0,-17,4294967.500,3874316.250,0,0,0,0,0,416.997,18000
240116918,2024,2,11,17,30,31,3,0,0,0,0,-17,4294967.500,3874353.000,0,0,0,0,0,417.016,18000
240500860,2024,2,11,17,30,31,3,0,0,0,0,-17,4294967.500,3874389.750,0,0,0,0,0,417.036,18000
240887258,2024,2,11,17,30,31,3,0,0,0,0,-17,4294967.500,3874426.500,0,0,0,0,0,417.055,18000
241284919,2024,2,11,17,30,32,3,0,0,0,0,-17,4294967.500,3874463.250,0,0,0,0,0,417.074,18000
241663190,2024,2,11,17,30,32,3,0,0,0,0,-17,4294967.500,3874500.000,0,0,0,0,0,417.093,18000
242098829,2024,2,11,17,30,33,3,0,0,0,0,-17,4294967.500,3874536.750,0,0,0,0,0,417.112,18000
242457137,2024,2,11,17,30,33,3,0,0,0,0,-17,4294967.500,3874573.750,0,0,0,0,0,417.132,18000
242852597,2024,2,11,17,30,33,3,0,0,0,0,-17,4294967.500,3874610.250,0,0,0,0,0,417.151,18000
243249273,2024,2,11,17,30,34,3,0,0,0,0,-17,4294967.500,3874647.250,0,0,0,0,0,417.170,18000
243650276,2024,2,11,17,30,34,3,0,0,0,0,-17,4294967.500,3874684.000,0,0,0,0,0,417.189,18000
244081634,2024,2,11,17,30,35,3,0,0,0,0,-17,4294967.500,3874720.750,0,0,0,0,0,417.208,18000
244442693,2024,2,11,17,30,35,3,0,0,0,0,-17,4294967.500,3874757.500,0,0,0,0,0,417.227,18000
244838413,2024,2,11,17,30,35,3,0,0,0,0,-17,4294967.500,3874794.500,0,0,0,0,0,417.247,18000
245244663,2024,2,11,17,30,36,3,0,0,0,0,-17,4294967.500,3874831.250,0,0,0,0,0,417.266,18000
245625834,2024,2,11,17,30,36,3,0,0,0,0,-17,4294967.500,3874868.000,0,0,0,0,0,417.285,18000
246055568,2024,2,11,17,30,37,3,0,0,0,0,-17,4294967.500,3874905.000,0,0,0,0,0,417.304,18000
246435467,2024,2,11,17,30,37,3,0,0,0,0,-17,4294967.500,3874941.750,0,0,0,0,0,417.323,18000
246814305,2024,2,11,17,30,37,3,0,0,0,0,-17,4294967.500,3874978.750,0,0,0,0,0,417.342,18000
247220562,2024,2,11,17,30,38,3,0,0,0,0,-17,4294967.500,3875015.500,0,0,0,0,0,417.362,18000
247614335,2024,2,11,17,30,38,3,0,0,0,0,-17,4294967.500,3875052.250,0,0,0,0,0,417.381,18000
248031392,2024,2,11,17,30,39,3,0,0,0,0,-17,4294967.500,3875089.250,0,0,0,0,0,417.400,18000
248408468,2024,2,11,17,30,39,3,0,0,0,0,-17,4294967.500,3875126.000,0,0,0,0,0,417.419,18000
248793195,2024,2,11,17,30,39,3,0,0,0,0,-17,4294967.500,3875163.000,0,0,0,0,0,417.438,18000
249188918,2024,2,11,17,30,40,3,0,0,0,0,-17,4294967.500,3875199.750,0,0,0,0,0,417.457,18000
249585593,2024,2,11,17,30,40,3,0,0,0,0,-17,4294967.500,3875236.750,0,0,0,0,0,417.477,18000
250010762,2024,2,11,17,30,41,3,0,0,0,0,-17,4294967.500,3875273.500,0,0,0,0,0,417.496,18000
250378005,2024,2,11,17,30,41,3,0,0,0,0,-17,4294967.500,3875310.500,0,0,0,0,0,417.515,18000
250769735,2024,2,11,17,30,41,3,0,0,0,0,-17,4294967.500,3875347.250,0,0,0,0,0,417.534,18000
251178355,2024,2,11,17,30,42,3,0,0,0,0,-17,4294967.500,3875384.250,0,0,0,0,0,417.553,18000
251574802,2024,2,11,17,30,42,3,0,0,0,0,-17,4294967.500,3875421.250,0,0,0,0,0,417.572,18000
251991847,2024,2,11,17,30,43,3,0,0,0,0,-17,4294967.500,3875458.000,0,0,0,0,0,417.592,18000
252364456,2024,2,11,17,30,43,3,0,0,0,0,-17,4294967.500,3875495.000,0,0,0,0,0,417.611,18000
252764446,2024,2,11,17,30,43,3,0,0,0,0,-17,4294967.500,3875531.750,0,0,0,0,0,417.630,18000
253154648,2024,2,11,17,30,44,3,0,0,0,0,-17,4294967.500,3875568.750,0,0,0,0,0,417.649,18000
253549647,2024,2,11,17,30,44,3,0,0,0,0,-17,4294967.500,3875605.750,0,0,0,0,0,417.668,18000
253967418,2024,2,11,17,30,45,3,0,0,0,0,-17,4294967.500,3875642.500,0,0,0,0,0,417.687,18000
254338313,2024,2,11,17,30,45,3,0,0,0,0,-17,4294967.500,3875679.750,0,0,0,0,0,417.706,18000
254743118,2024,2,11,17,30,45,3,0,0,0,0,-17,4294967.500,3875716.750,0,0,0,0,0,417.726,18000
255144109,2024,2,11,17,30,46,3,0,0,0,0,-17,4294967.500,3875753.500,0,0,0,0,0,417.745,18000
255525553,2024,2,11,17,30,46,3,0,0,0,0,-17,4294967.500,3875790.500,0,0,0,0,0,417.764,18000
255961195,2024,2,11,17,30,47,3,0,0,0,0,-17,4294967.500,3875827.500,0,0,0,0,0,417.783,18000
256316986,2024,2,11,17,30,47,3,0,0,0,0,-17,4294967.500,3875864.500,0,0,0,0,0,417.802,18000
256712693,2024,2,11,17,30,47,3,0,0,0,0,-17,4294967.500,3875901.500,0,0,0,0,0,417.821,18000
257105638,2024,2,11,17,30,48,3,0,0,0,0,-17,4294967.500,3875938.250,0,0,0,0,0,417.841,18000
257519940,2024,2,11,17,30,48,3,0,0,0,0,-17,4294967.500,3875975.500,0,0,0,0,0,417.860,18000
257950632,2024,2,11,17,30,49,3,0,0,0,0,-17,4294967.500,3876012.250,0,0,0,0,0,417.879,18000
258298780,2024,2,11,17,30,49,3,0,0,0,0,-17,4294967.500,3876049.500,0,0,0,0,0,417.898,18000
258699782,2024,2,11,17,30,49,3,0,0,0,0,-17,4294967.500,3876086.250,0,0,0,0,0,417.917,18000
259098820,2024,2,11,17,30,50,3,0,0,0,0,-17,4294967.500,3876123.500,0,0,0,0,0,417.936,18000
259492198,2024,2,11,17,30,50,3,0,0,0,0,-17,4294967.500,3876160.500,0,0,0,0,0,417.955,18000
259915668,2024,2,11,17,30,51,3,0,0,0,0,-17,4294967.500,3876197.500,0,0,0,0,0,417.975,18000
260298777,2024,2,11,17,30,51,3,0,0,0,0,-17,4294967.500,3876234.500,0,0,0,0,0,417.994,18000
260683714,2024,2,11,17,30,51,3,0,0,0,0,-17,4294967.500,3876271.500,0,0,0,0,0,418.013,18000
261083984,2024,2,11,17,30,52,3,0,0,0,0,-17,4294967.500,3876308.500,0,0,0,0,0,418.032,18000
261472379,2024,2,11,17,30,52,3,0,0,0,0,-17,4294967.500,3876345.500,0,0,0,0,0,418.051,18000
261896517,2024,2,11,17,30,53,3,0,0,0,0,-17,4294967.500,3876382.500,0,0,0,0,0,418.070,18000
262262857,2024,2,11,17,30,53,3,0,0,0,0,-17,4294967.500,3876419.500,0,0,0,0,0,418.089,18000
262752300,2024,2,11,17,30,53,3,0,0,0,0,-17,4294967.500,3876466.000,0,0,0,0,0,418.113,18000
263145253,2024,2,11,17,30,54,3,0,0,0,0,-17,4294967.500,3876503.000,0,0,0,0,0,418.132,18000
263554290,2024,2,11,17,30,54,3,0,0,0,0,-17,4294967.500,3876540.000,0,0,0,0,0,418.152,18000
263941706,2024,2,11,17,30,55,3,0,0,0,0,-17,4294967.500,3876577.250,0,0,0,0,0,418.171,18000
264337431,2024,2,11,17,30,55,3,0,0,0,0,-17,4294967.500,3876614.250,0,0,0,0,0,418.190,18000
264734421,2024,2,11,17,30,55,3,0,0,0,0,-17,4294967.500,3876651.250,0,0,0,0,0,418.209,18000
265129896,2024,2,11,17,30,56,3,0,0,0,0,-17,4294967.500,3876688.250,0,0,0,0,0,418.228,18000
265535460,2024,2,11,17,30,56,3,0,0,0,0,-17,4294967.500,3876725.500,0,0,0,0,0,418.247,18000
265921338,2024,2,11,17,30,57,3,0,0,0,0,-17,4294967.500,3876762.500,0,0,0,0,0,418.266,18000
266421337,2024,2,11,17,30,57,3,0,0,0,0,-17,4294967.500,3876809.000,0,0,0,0,0,418.290,18000
266842708,2024,2,11,17,30,58,3,0,0,0,0,-17,4294967.500,3876846.000,0,0,0,0,0,418.309,18000
267223319,2024,2,11,17,30,58,3,0,0,0,0,-17,4294967.500,3876883.250,0,0,0,0,0,418.328,18000
267611982,2024,2,11,17,30,58,3,0,0,0,0,-17,4294967.500,3876920.250,0,0,0,0,0,418.348,18000
268007703,2024,2,11,17,30,59,3,0,0,0,0,-17,4294967.500,3876957.500,0,0,0,0,0,418.367,18000
268401476,2024,2,11,17,30,59,3,0,0,0,0,-17,4294967.500,3876994.750,0,0,0,0,0,418.386,18000
268843653,2024,2,11,17,31,0,3,0,0,0,0,-17,4294967.500,3877031.750,0,0,0,0,0,418.405,18000
269198498,2024,2,11,17,31,0,3,0,0,0,0,-17,4294967.500,3877069.000,0,0,0,0,0,418.424,18000
269580328,2024,2,11,17,31,0,3,0,0,0,0,-17,4294967.500,3877106.000,0,0,0,0,0,418.443,18000
269981891,2024,2,11,17,31,1,3,0,0,0,0,-17,4294967.500,3877143.000,0,0,0,0,0,418.462,18000
270377362,2024,2,11,17,31,1,3,0,0,0,0,-17,4294967.500,3877180.250,0,0,0,0,0,418.481,18000
270807737,2024,2,11,17,31,2,3,0,0,0,0,-17,4294967.500,3877217.500,0,0,0,0,0,418.501,18000
271168791,2024,2,11,17,31,2,3,0,0,0,0,-17,4294967.500,3877254.750,0,0,0,0,0,418.520,18000
271565219,2024,2,11,17,31,2,3,0,0,0,0,-17,4294967.500,3877291.750,0,0,0,0,0,418.539,18000
271967445,2024,2,11,17,31,3,3,0,0,0,0,-17,4294967.500,3877329.000,0,0,0,0,0,418.558,18000
272363164,2024,2,11,17,31,3,3,0,0,0,0,-17,4294967.500,3877366.250,0,0,0,0,0,418.577,18000
272807728,2024,2,11,17,31,4,3,0,0,0,0,-17,4294967.500,3877403.500,0,0,0,0,0,418.596,18000
273164227,2024,2,11,17,31,4,3,0,0,0,0,-17,4294967.500,3877440.500,0,0,0,0,0,418.615,18000
273561172,2024,2,11,17,31,4,3,0,0,0,0,-17,4294967.500,3877477.750,0,0,0,0,0,418.634,18000
273960215,2024,2,11,17,31,5,3,0,0,0,0,-17,4294967.500,3877515.000,0,0,0,0,0,418.653,18000
274347649,2024,2,11,17,31,5,3,0,0,0,0,-17,4294967.500,3877552.250,0,0,0,0,0,418.673,18000
274778020,2024,2,11,17,31,6,3,0,0,0,0,-17,4294967.500,3877589.250,0,0,0,0,0,418.692,18000
275141038,2024,2,11,17,31,6,3,0,0,0,0,-17,4294967.500,3877626.500,0,0,0,0,0,418.711,18000
275540085,2024,2,11,17,31,6,3,0,0,0,0,-17,4294967.500,3877663.750,0,0,0,0,0,418.730,18000
275941069,2024,2,11,17,31,7,3,0,0,0,0,-17,4294967.500,3877701.000,0,0,0,0,0,418.749,18000
276342060,2024,2,11,17,31,7,3,0,0,0,0,-17,4294967.500,3877738.250,0,0,0,0,0,418.768,18000
276762197,2024,2,11,17,31,8,3,0,0,0,0,-17,4294967.500,3877775.500,0,0,0,0,0,418.787,18000
277114653,2024,2,11,17,31,8,3,0,0,0,0,-17,4294967.500,3877812.750,0,0,0,0,0,418.806,18000
277510378,2024,2,11,17,31,8,3,0,0,0,0,-17,4294967.500,3877850.000,0,0,0,0,0,418.825,18000
277906407,2024,2,11,17,31,9,3,0,0,0,0,-17,4294967.500,3877887.250,0,0,0,0,0,418.844,18000
278304822,2024,2,11,17,31,9,3,0,0,0,0,-17,4294967.500,3877924.500,0,0,0,0,0,418.864,18000
278744999,2024,2,11,17,31,10,3,0,0,0,0,-17,4294967.500,3877961.750,0,0,0,0,0,418.883,18000
279100776,2024,2,11,17,31,10,3,0,0,0,0,-17,4294967.500,3877999.250,0,0,0,0,0,418.902,18000
279501767,2024,2,11,17,31,10,3,0,0,0,0,-17,4294967.500,3878036.250,0,0,0,0,0,418.921,18000
279889211,2024,2,11,17,31,11,3,0,0,0,0,-17,4294967.500,3878073.500,0,0,0,0,0,418.940,18000
280289200,2024,2,11,17,31,11,3,0,0,0,0,-17,4294967.500,3878111.000,0,0,0,0,0,418.959,18000
280713657,2024,2,11,17,31,12,3,0,0,0,0,-17,4294967.500,3878148.250,0,0,0,0,0,418.978,18000
281074396,2024,2,11,17,31,12,3,0,0,0,0,-17,4294967.500,3878185.500,0,0,0,0,0,418.997,18000
281472394,2024,2,11,17,31,12,3,0,0,0,0,-17,4294967.500,3878222.750,0,0,0,0,0,419.016,18000
281873372,2024,2,11,17,31,13,3,0,0,0,0,-17,4294967.500,3878260.250,0,0,0,0,0,419.035,18000
282269091,2024,2,11,17,31,13,3,0,0,0,0,-17,4294967.500,3878297.500,0,0,0,0,0,419.055,18000
282708047,2024,2,11,17,31,14,3,0,0,0,0,-17,4294967.500,3878334.750,0,0,0,0,0,419.074,18000
283056537,2024,2,11,17,31,14,3,0,0,0,0,-17,4294967.500,3878372.000,0,0,0,0,0,419.093,18000
283446026,2024,2,11,17,31,14,3,0,0,0,0,-17,4294967.500,3878409.500,0,0,0,0,0,419.112,18000
283847010,2024,2,11,17,31,15,3,0,0,0,0,-17,4294967.500,3878446.750,0,0,0,0,0,419.131,18000
284237441,2024,2,11,17,31,15,3,0,0,0,0,-17,4294967.500,3878484.250,0,0,0,0,0,419.150,18000
284683967,2024,2,11,17,31,16,3,0,0,0,0,-17,4294967.500,3878521.500,0,0,0,0,0,419.169,18000
285031389,2024,2,11,17,31,16,3,0,0,0,0,-17,4294967.500,3878558.750,0,0,0,0,0,419.188,18000
285427815,2024,2,11,17,31,16,3,0,0,0,0,-17,4294967.500,3878596.250,0,0,0,0,0,419.207,18000
285838399,2024,2,11,17,31,17,3,0,0,0,0,-17,4294967.500,3878633.500,0,0,0,0,0,419.226,18000
286223892,2024,2,11,17,31,17,3,0,0,0,0,-17,4294967.500,3878670.750,0,0,0,0,0,419.245,18000
286656206,2024,2,11,17,31,18,3,0,0,0,0,-17,4294967.500,3878708.250,0,0,0,0,0,419.264,18000
287021553,2024,2,11,17,31,18,3,0,0,0,0,-17,4294967.500,3878745.750,0,0,0,0,0,419.284,18000
287412990,2024,2,11,17,31,18,3,0,0,0,0,-17,4294967.500,3878783.000,0,0,0,0,0,419.303,18000
287808709,2024,2,11,17,31,19,3,0,0,0,0,-17,4294967.500,3878820.500,0,0,0,0,0,419.322,18000
288195141,2024,2,11,17,31,19,3,0,0,0,0,-17,4294967.500,3878857.750,0,0,0,0,0,419.341,18000
288625830,2024,2,11,17,31,20,3,0,0,0,0,-17,4294967.500,3878895.250,0,0,0,0,0,419.360,18000
289005496,2024,2,11,17,31,20,3,0,0,0,0,-17,4294967.500,3878932.750,0,0,0,0,0,419.379,18000
289397711,2024,2,11,17,31,20,3,0,0,0,0,-17,4294967.500,3878970.000,0,0,0,0,0,419.398,18000
289787921,2024,2,11,17,31,21,3,0,0,0,0,-17,4294967.500,3879007.500,0,0,0,0,0,419.417,18000
290188901,2024,2,11,17,31,21,3,0,0,0,0,-17,4294967.500,3879044.750,0,0,0,0,0,419.436,18000
290600685,2024,2,11,17,31,22,3,0,0,0,0,-17,4294967.500,3879082.250,0,0,0,0,0,419.455,18000
290975067,2024,2,11,17,31,22,3,0,0,0,0,-17,4294967.500,3879119.750,0,0,0,0,0,419.474,18000
291368016,2024,2,11,17,31,22,3,0,0,0,0,-17,4294967.500,3879157.250,0,0,0,0,0,419.493,18000
291764447,2024,2,11,17,31,23,3,0,0,0,0,-17,4294967.500,3879194.500,0,0,0,0,0,419.512,18000
292160167,2024,2,11,17,31,23,3,0,0,0,0,-17,4294967.500,3879232.000,0,0,0,0,0,419.532,18000
292585340,2024,2,11,17,31,24,3,0,0,0,0,-17,4294967.500,3879269.750,0,0,0,0,0,419.551,18000
292957204,2024,2,11,17,31,24,3,0,0,0,0,-17,4294967.500,3879307.000,0,0,0,0,0,419.570,18000
293352667,2024,2,11,17,31,24,3,0,0,0,0,-17,4294967.500,3879344.500,0,0,0,0,0,419.589,18000
293743120,2024,2,11,17,31,25,3,0,0,0,0,-17,4294967.500,3879382.000,0,0,0,0,0,419.608,18000
294136070,2024,2,11,17,31,25,3,0,0,0,0,-17,4294967.500,3879419.250,0,0,0,0,0,419.627,18000
294584292,2024,2,11,17,31,26,3,0,0,0,0,-17,4294967.500,3879457.000,0,0,0,0,0,419.646,18000
294950629,2024,2,11,17,31,26,3,0,0,0,0,-17,4294967.500,3879494.500,0,0,0,0,0,419.665,18000
295333765,2024,2,11,17,31,26,3,0,0,0,0,-17,4294967.500,3879531.750,0,0,0,0,0,419.684,18000
295730475,2024,2,11,17,31,27,3,0,0,0,0,-17,4294967.500,3879569.500,0,0,0,0,0,419.703,18000
296126199,2024,2,11,17,31,27,3,0,0,0,0,-17,4294967.500,3879607.000,0,0,0,0,0,419.722,18000
296579024,2024,2,11,17,31,28,3,0,0,0,0,-17,4294967.500,3879644.500,0,0,0,0,0,419.741,18000
296921270,2024,2,11,17,31,28,3,0,0,0,0,-17,4294967.500,3879682.000,0,0,0,0,0,419.760,18000
297311695,2024,2,11,17,31,28,3,0,0,0,0,-17,4294967.500,3879719.500,0,0,0,0,0,419.779,18000
297704644,2024,2,11,17,31,29,3,0,0,0,0,-17,4294967.500,3879757.000,0,0,0,0,0,419.798,18000
298105648,2024,2,11,17,31,29,3,0,0,0,0,-17,4294967.500,3879794.500,0,0,0,0,0,419.817,18000
298530497,2024,2,11,17,31,30,3,0,0,0,0,-17,4294967.500,3879832.000,0,0,0,0,0,419.837,18000
298897804,2024,2,11,17,31,30,3,0,0,0,0,-17,4294967.500,3879869.500,0,0,0,0,0,419.856,18000
299298780,2024,2,11,17,31,30,3,0,0,0,0,-17,4294967.500,3879907.000,0,0,0,0,0,419.875,18000
299693545,2024,2,11,17,31,31,3,0,0,0,0,-17,4294967.500,3879944.750,0,0,0,0,0,419.894,18000
300085937,2024,2,11,17,31,31,3,0,0,0,0,-17,4294967.500,3879982.250,0,0,0,0,0,419.913,18000
300516617,2024,2,11,17,31,32,3,0,0,0,0,-17,4294967.500,3880019.750,0,0,0,0,0,419.932,18000
300881733,2024,2,11,17,31,32,3,0,0,0,0,-17,4294967.500,3880057.250,0,0,0,0,0,419.951,18000
301274362,2024,2,11,17,31,32,3,0,0,0,0,-17,4294967.500,3880095.000,0,0,0,0,0,419.970,18000
301670081,2024,2,11,17,31,33,3,0,0,0,0,-17,4294967.500,3880132.500,0,0,0,0,0,419.989,18000
302066794,2024,2,11,17,31,33,3,0,0,0,0,-17,4294967.500,3880170.000,0,0,0,0,0,420.008,18000
302500787,2024,2,11,17,31,34,3,0,0,0,0,-17,4294967.500,3880207.500,0,0,0,0,0,420.027,18000
302858533,2024,2,11,17,31,34,3,0,0,0,0,-17,4294967.500,3880245.250,0,0,0,0,0,420.046,18000
303254252,2024,2,11,17,31,34,3,0,0,0,0,-17,4294967.500,3880282.500,0,0,0,0,0,420.065,18000
303645972,2024,2,11,17,31,35,3,0,0,0,0,-17,4294967.500,3880320.500,0,0,0,0,0,420.084,18000
304067521,2024,2,11,17,31,35,3,0,0,0,0,-17,4294967.500,3880358.000,0,0,0,0,0,420.103,18000
304476354,2024,2,11,17,31,36,3,0,0,0,0,-17,4294967.500,3880396.250,0,0,0,0,0,420.122,18000
304837425,2024,2,11,17,31,36,3,0,0,0,0,-17,4294967.500,3880434.250,0,0,0,0,0,420.141,18000
305227856,2024,2,11,17,31,36,3,0,0,0,0,-17,4294967.500,3880472.500,0,0,0,0,0,420.160,18000
305628861,2024,2,11,17,31,37,3,0,0,0,0,-17,4294967.500,3880510.750,0,0,0,0,0,420.179,18000
306016545,2024,2,11,17,31,37,3,0,0,0,0,-17,4294967.500,3880549.000,0,0,0,0,0,420.198,18000
306442663,2024,2,11,17,31,38,3,0,0,0,0,-17,4294967.500,3880587.000,0,0,0,0,0,420.217,18000
306814943,2024,2,11,17,31,38,3,0,0,0,0,-17,4294967.500,3880625.250,0,0,0,0,0,420.236,18000
307209023,2024,2,11,17,31,38,3,0,0,0,0,-17,4294967.500,3880663.250,0,0,0,0,0,420.256,18000
307606699,2024,2,11,17,31,39,3,0,0,0,0,-17,4294967.500,3880701.500,0,0,0,0,0,420.275,18000
308007701,2024,2,11,17,31,39,3,0,0,0,0,-17,4294967.500,3880739.750,0,0,0,0,0,420.294,18000
308432781,2024,2,11,17,31,40,3,0,0,0,0,-17,4294967.500,3880778.000,0,0,0,0,0,420.313,18000
308799129,2024,2,11,17,31,40,3,0,0,0,0,-17,4294967.500,3880816.250,0,0,0,0,0,420.332,18000
309198883,2024,2,11,17,31,40,3,0,0,0,0,-17,4294967.500,3880854.250,0,0,0,0,0,420.351,18000
309585831,2024,2,11,17,31,41,3,0,0,0,0,-17,4294967.500,3880892.500,0,0,0,0,0,420.370,18000
309977988,2024,2,11,17,31,41,3,0,0,0,0,-17,4294967.500,3880930.750,0,0,0,0,0,420.389,18000
310438068,2024,2,11,17,31,42,3,0,0,0,0,-17,4294967.500,3880969.000,0,0,0,0,0,420.408,18000
310793844,2024,2,11,17,31,42,3,0,0,0,0,-17,4294967.500,3881007.250,0,0,0,0,0,420.427,18000
311174066,2024,2,11,17,31,42,3,0,0,0,0,-17,4294967.500,3881045.750,0,0,0,0,0,420.446,18000
311569775,2024,2,11,17,31,43,3,0,0,0,0,-17,4294967.500,3881084.000,0,0,0,0,0,420.465,18000
312064501,2024,2,11,17,31,43,3,0,0,0,0,-17,4294967.500,3881131.750,0,0,0,0,0,420.489,18000
312452170,2024,2,11,17,31,44,3,0,0,0,0,-17,4294967.500,3881170.000,0,0,0,0,0,420.508,18000
312853149,2024,2,11,17,31,44,3,0,0,0,0,-17,4294967.500,3881208.250,0,0,0,0,0,420.527,18000
313250585,2024,2,11,17,31,44,3,0,0,0,0,-17,4294967.500,3881246.500,0,0,0,0,0,420.546,18000
313650595,2024,2,11,17,31,45,3,0,0,0,0,-17,4294967.500,3881284.750,0,0,0,0,0,420.565,18000
314045339,2024,2,11,17,31,45,3,0,0,0,0,-17,4294967.500,3881323.000,0,0,0,0,0,420.584,18000
314435773,2024,2,11,17,31,46,3,0,0,0,0,-17,4294967.500,3881361.250,0,0,0,0,0,420.603,18000
314838733,2024,2,11,17,31,46,3,0,0,0,0,-17,4294967.500,3881399.500,0,0,0,0,0,420.622,18000
315234452,2024,2,11,17,31,46,3,0,0,0,0,-17,4294967.500,3881438.000,0,0,0,0,0,420.641,18000
315620884,2024,2,11,17,31,47,3,0,0,0,0,-17,4294967.500,3881476.250,0,0,0,0,0,420.660,18000
316021875,2024,2,11,17,31,47,3,0,0,0,0,-17,4294967.500,3881514.500,0,0,0,0,0,420.679,18000
316412640,2024,2,11,17,31,48,3,0,0,0,0,-17,4294967.500,3881553.000,0,0,0,0,0,420.698,18000
316824189,2024,2,11,17,31,48,3,0,0,0,0,-17,4294967.500,3881591.000,0,0,0,0,0,420.717,18000
317220883,2024,2,11,17,31,48,3,0,0,0,0,-17,4294967.500,3881629.500,0,0,0,0,0,420.736,18000
317619930,2024,2,11,17,31,49,3,0,0,0,0,-17,4294967.500,3881667.750,0,0,0,0,0,420.755,18000
318010376,2024,2,11,17,31,49,3,0,0,0,0,-17,4294967.500,3881706.250,0,0,0,0,0,420.774,18000
318387257,2024,2,11,17,31,50,3,0,0,0,0,-17,4294967.500,3881744.500,0,0,0,0,0,420.793,18000
318793762,2024,2,11,17,31,50,3,0,0,0,0,-17,4294967.500,3881782.750,0,0,0,0,0,420.812,18000
319197844,2024,2,11,17,31,50,3,0,0,0,0,-17,4294967.500,3881821.000,0,0,0,0,0,420.831,18000
319590219,2024,2,11,17,31,51,3,0,0,0,0,-17,4294967.500,3881859.500,0,0,0,0,0,420.850,18000
319987902,2024,2,11,17,31,51,3,0,0,0,0,-17,4294967.500,3881897.750,0,0,0,0,0,420.869,18000
320376722,2024,2,11,17,31,52,3,0,0,0,0,-17,4294967.500,3881936.250,0,0,0,0,0,420.888,18000
320778410,2024,2,11,17,31,52,3,0,0,0,0,-17,4294967.500,3881974.750,0,0,0,0,0,420.907,18000
321179401,2024,2,11,17,31,52,3,0,0,0,0,-17,4294967.500,3882013.000,0,0,0,0,0,420.926,18000
321576344,2024,2,11,17,31,53,3,0,0,0,0,-17,4294967.500,3882051.500,0,0,0,0,0,420.945,18000
321972064,2024,2,11,17,31,53,3,0,0,0,0,-17,4294967.500,3882089.750,0,0,0,0,0,420.964,18000
322353235,2024,2,11,17,31,54,3,0,0,0,0,-17,4294967.500,3882127.750,0,0,0,0,0,420.983,18000
322753274,2024,2,11,17,31,54,3,0,0,0,0,-17,4294967.500,3882166.500,0,0,0,0,0,421.002,18000
323159523,2024,2,11,17,31,54,3,0,0,0,0,-17,4294967.500,3882205.000,0,0,0,0,0,421.021,18000
323555247,2024,2,11,17,31,55,3,0,0,0,0,-17,4294967.500,3882243.500,0,0,0,0,0,421.040,18000
323956561,2024,2,11,17,31,55,3,0,0,0,0,-17,4294967.500,3882281.750,0,0,0,0,0,421.059,18000
324347022,2024,2,11,17,31,56,3,0,0,0,0,-17,4294967.500,3882320.250,0,0,0,0,0,421.078,18000
324739399,2024,2,11,17,31,56,3,0,0,0,0,-17,4294967.500,3882358.750,0,0,0,0,0,421.097,18000
325143716,2024,2,11,17,31,56,3,0,0,0,0,-17,4294967.500,3882397.000,0,0,0,0,0,421.116,18000
325525870,2024,2,11,17,31,57,3,0,0,0,0,-17,4294967.500,3882435.500,0,0,0,0,0,421.135,18000
325961523,2024,2,11,17,31,57,3,0,0,0,0,-17,4294967.500,3882474.000,0,0,0,0,0,421.154,18000
326322565,2024,2,11,17,31,58,3,0,0,0,0,-17,4294967.500,3882512.500,0,0,0,0,0,421.173,18000
326720258,2024,2,11,17,31,58,3,0,0,0,0,-17,4294967.500,3882550.750,0,0,0,0,0,421.192,18000
327110679,2024,2,11,17,31,58,3,0,0,0,0,-17,4294967.500,3882589.250,0,0,0,0,0,421.211,18000
327521549,2024,2,11,17,31,59,3,0,0,0,0,-17,4294967.500,3882627.750,0,0,0,0,0,421.230,18000
327906486,2024,2,11,17,31,59,3,0,0,0,0,-17,4294967.500,3882666.250,0,0,0,0,0,421.249,18000
328298695,2024,2,11,17,32,0,3,0,0,0,0,-17,4294967.500,3882704.750,0,0,0,0,0,421.268,18000
328699714,2024,2,11,17,32,0,3,0,0,0,0,-17,4294967.500,3882743.250,0,0,0,0,0,421.287,18000
329090857,2024,2,11,17,32,0,3,0,0,0,0,-17,4294967.500,3882781.750,0,0,0,0,0,421.306,18000
329497119,2024,2,11,17,32,1,3,0,0,0,0,-17,4294967.500,3882820.250,0,0,0,0,0,421.325,18000
329888575,2024,2,11,17,32,1,3,0,0,0,0,-17,4294967.500,3882858.750,0,0,0,0,0,421.344,18000
330278995,2024,2,11,17,32,2,3,0,0,0,0,-17,4294967.500,3882897.250,0,0,0,0,0,421.363,18000
330678766,2024,2,11,17,32,2,3,0,0,0,0,-17,4294967.500,3882935.750,0,0,0,0,0,421.382,18000
331195811,2024,2,11,17,32,3,3,0,0,0,0,-17,4294967.500,3882983.750,0,0,0,0,0,421.406,18000
331571717,2024,2,11,17,32,3,3,0,0,0,0,-17,4294967.500,3883022.250,0,0,0,0,0,421.425,18000
331966444,2024,2,11,17,32,3,3,0,0,0,0,-17,4294967.500,3883060.750,0,0,0,0,0,421.444,18000
332356908,2024,2,11,17,32,4,3,0,0,0,0,-17,4294967.500,3883099.500,0,0,0,0,0,421.463,18000
332752934,2024,2,11,17,32,4,3,0,0,0,0,-17,4294967.500,3883138.000,0,0,0,0,0,421.482,18000
333178021,2024,2,11,17,32,5,3,0,0,0,0,-17,4294967.500,3883176.500,0,0,0,0,0,421.501,18000
333549637,2024,2,11,17,32,5,3,0,0,0,0,-17,4294967.500,3883215.000,0,0,0,0,0,421.520,18000
333950633,2024,2,11,17,32,5,3,0,0,0,0,-17,4294967.500,3883253.500,0,0,0,0,0,421.538,18000
334339043,2024,2,11,17,32,6,3,0,0,0,0,-17,4294967.500,3883292.000,0,0,0,0,0,421.557,18000
334734747,2024,2,11,17,32,6,3,0,0,0,0,-17,4294967.500,3883330.750,0,0,0,0,0,421.576,18000
335160840,2024,2,11,17,32,7,3,0,0,0,0,-17,4294967.500,3883369.250,0,0,0,0,0,421.595,18000
335531465,2024,2,11,17,32,7,3,0,0,0,0,-17,4294967.500,3883407.750,0,0,0,0,0,421.614,18000
335933435,2024,2,11,17,32,7,3,0,0,0,0,-17,4294967.500,3883446.500,0,0,0,0,0,421.633,18000
336323872,2024,2,11,17,32,8,3,0,0,0,0,-17,4294967.500,3883485.000,0,0,0,0,0,421.652,18000
336722886,2024,2,11,17,32,8,3,0,0,0,0,-17,4294967.500,3883523.500,0,0,0,0,0,421.671,18000
337141019,2024,2,11,17,32,9,3,0,0,0,0,-17,4294967.500,3883562.000,0,0,0,0,0,421.690,18000
337515396,2024,2,11,17,32,9,3,0,0,0,0,-17,4294967.500,3883600.750,0,0,0,0,0,421.709,18000
337915642,2024,2,11,17,32,9,3,0,0,0,0,-17,4294967.500,3883639.250,0,0,0,0,0,421.728,18000
338308585,2024,2,11,17,32,10,3,0,0,0,0,-17,4294967.500,3883678.000,0,0,0,0,0,421.747,18000
338704061,2024,2,11,17,32,10,3,0,0,0,0,-17,4294967.500,3883716.500,0,0,0,0,0,421.766,18000
339123886,2024,2,11,17,32,11,3,0,0,0,0,-17,4294967.500,3883755.250,0,0,0,0,0,421.785,18000
339490225,2024,2,11,17,32,11,3,0,0,0,0,-17,4294967.500,3883793.750,0,0,0,0,0,421.804,18000
339885946,2024,2,11,17,32,11,3,0,0,0,0,-17,4294967.500,3883832.250,0,0,0,0,0,421.823,18000
340286938,2024,2,11,17,32,12,3,0,0,0,0,-17,4294967.500,3883871.000,0,0,0,0,0,421.842,18000
340687923,2024,2,11,17,32,12,3,0,0,0,0,-17,4294967.500,3883909.750,0,0,0,0,0,421.861,18000
341110004,2024,2,11,17,32,13,3,0,0,0,0,-17,4294967.500,3883948.250,0,0,0,0,0,421.880,18000
341466529,2024,2,11,17,32,13,3,0,0,0,0,-17,4294967.500,3883987.000,0,0,0,0,0,421.899,18000
341955244,2024,2,11,17,32,13,3,0,0,0,0,-17,4294967.500,3884035.250,0,0,0,0,0,421.923,18000
342364228,2024,2,11,17,32,14,3,0,0,0,0,-17,4294967.500,3884074.000,0,0,0,0,0,421.942,18000
342757971,2024,2,11,17,32,14,3,0,0,0,0,-17,4294967.500,3884112.500,0,0,0,0,0,421.961,18000
343139398,2024,2,11,17,32,15,3,0,0,0,0,-17,4294967.500,3884151.250,0,0,0,0,0,421.980,18000
343546626,2024,2,11,17,32,15,3,0,0,0,0,-17,4294967.500,3884190.000,0,0,0,0,0,421.998,18000
343943334,2024,2,11,17,32,15,3,0,0,0,0,-17,4294967.500,3884228.750,0,0,0,0,0,422.017,18000
344438055,2024,2,11,17,32,16,3,0,0,0,0,-17,4294967.500,3884277.000,0,0,0,0,0,422.041,18000
344837089,2024,2,11,17,32,16,3,0,0,0,0,-17,4294967.500,3884315.750,0,0,0,0,0,422.060,18000
345233535,2024,2,11,17,32,17,3,0,0,0,0,-17,4294967.500,3884354.500,0,0,0,0,0,422.079,18000
345635749,2024,2,11,17,32,17,3,0,0,0,0,-17,4294967.500,3884393.250,0,0,0,0,0,422.098,18000
346040067,2024,2,11,17,32,18,3,0,0,0,0,-17,4294967.500,3884431.750,0,0,0,0,0,422.117,18000
346416945,2024,2,11,17,32,18,3,0,0,0,0,-17,4294967.500,3884470.500,0,0,0,0,0,422.136,18000
346823440,2024,2,11,17,32,18,3,0,0,0,0,-17,4294967.500,3884509.250,0,0,0,0,0,422.155,18000
347208385,2024,2,11,17,32,19,3,0,0,0,0,-17,4294967.500,3884548.000,0,0,0,0,0,422.174,18000
347609372,2024,2,11,17,32,19,3,0,0,0,0,-17,4294967.500,3884586.750,0,0,0,0,0,422.193,18000
348015627,2024,2,11,17,32,20,3,0,0,0,0,-17,4294967.500,3884625.500,0,0,0,0,0,422.212,18000
348393497,2024,2,11,17,32,20,3,0,0,0,0,-17,4294967.500,3884664.250,0,0,0,0,0,422.231,18000
348801787,2024,2,11,17,32,20,3,0,0,0,0,-17,4294967.500,3884703.000,0,0,0,0,0,422.250,18000
349190190,2024,2,11,17,32,21,3,0,0,0,0,-17,4294967.500,3884741.750,0,0,0,0,0,422.269,18000
349591193,2024,2,11,17,32,21,3,0,0,0,0,-17,4294967.500,3884780.500,0,0,0,0,0,422.287,18000
350017581,2024,2,11,17,32,22,3,0,0,0,0,-17,4294967.500,3884819.250,0,0,0,0,0,422.306,18000
350378661,2024,2,11,17,32,22,3,0,0,0,0,-17,4294967.500,3884858.000,0,0,0,0,0,422.325,18000
350774363,2024,2,11,17,32,22,3,0,0,0,0,-17,4294967.500,3884896.750,0,0,0,0,0,422.344,18000
351178676,2024,2,11,17,32,23,3,0,0,0,0,-17,4294967.500,3884935.500,0,0,0,0,0,422.363,18000
351571084,2024,2,11,17,32,23,3,0,0,0,0,-17,4294967.500,3884974.250,0,0,0,0,0,422.382,18000
352015312,2024,2,11,17,32,24,3,0,0,0,0,-17,4294967.500,3885013.250,0,0,0,0,0,422.401,18000
352371098,2024,2,11,17,32,24,3,0,0,0,0,-17,4294967.500,3885052.000,0,0,0,0,0,422.420,18000
352764035,2024,2,11,17,32,24,3,0,0,0,0,-17,4294967.500,3885090.750,0,0,0,0,0,422.439,18000
353173378,2024,2,11,17,32,25,3,0,0,0,0,-17,4294967.500,3885129.500,0,0,0,0,0,422.458,18000
353544684,2024,2,11,17,32,25,3,0,0,0,0,-17,4294967.500,3885168.500,0,0,0,0,0,422.477,18000
353975373,2024,2,11,17,32,26,3,0,0,0,0,-17,4294967.500,3885207.250,0,0,0,0,0,422.496,18000
354336437,2024,2,11,17,32,26,3,0,0,0,0,-17,4294967.500,3885246.000,0,0,0,0,0,422.515,18000
354737430,2024,2,11,17,32,26,3,0,0,0,0,-17,4294967.500,3885284.750,0,0,0,0,0,422.534,18000
355139160,2024,2,11,17,32,27,3,0,0,0,0,-17,4294967.500,3885323.750,0,0,0,0,0,422.553,18000
355531377,2024,2,11,17,32,27,3,0,0,0,0,-17,4294967.500,3885362.500,0,0,0,0,0,422.572,18000
355980319,2024,2,11,17,32,28,3,0,0,0,0,-17,4294967.500,3885401.500,0,0,0,0,0,422.590,18000
356328802,2024,2,11,17,32,28,3,0,0,0,0,-17,4294967.500,3885440.250,0,0,0,0,0,422.609,18000
356720258,2024,2,11,17,32,28,3,0,0,0,0,-17,4294967.500,3885479.000,0,0,0,0,0,422.628,18000
357115960,2024,2,11,17,32,29,3,0,0,0,0,-17,4294967.500,3885518.000,0,0,0,0,0,422.647,18000
357520261,2024,2,11,17,32,29,3,0,0,0,0,-17,4294967.500,3885557.000,0,0,0,0,0,422.666,18000
357950948,2024,2,11,17,32,30,3,0,0,0,0,-17,4294967.500,3885595.750,0,0,0,0,0,422.685,18000
358307476,2024,2,11,17,32,30,3,0,0,0,0,-17,4294967.500,3885634.500,0,0,0,0,0,422.704,18000
358807475,2024,2,11,17,32,30,3,0,0,0,0,-17,4294967.500,3885683.250,0,0,0,0,0,422.728,18000
359195148,2024,2,11,17,32,31,3,0,0,0,0,-17,4294967.500,3885722.000,0,0,0,0,0,422.747,18000
359610677,2024,2,11,17,32,31,3,0,0,0,0,-17,4294967.500,3885761.000,0,0,0,0,0,422.766,18000
359985608,2024,2,11,17,32,32,3,0,0,0,0,-17,4294967.500,3885800.000,0,0,0,0,0,422.784,18000
360381323,2024,2,11,17,32,32,3,0,0,0,0,-17,4294967.500,3885838.750,0,0,0,0,0,422.803,18000
360782298,2024,2,11,17,32,32,3,0,0,0,0,-17,4294967.500,3885877.750,0,0,0,0,0,422.822,18000
361178021,2024,2,11,17,32,33,3,0,0,0,0,-17,4294967.500,3885916.500,0,0,0,0,0,422.841,18000
361565448,2024,2,11,17,32,33,3,0,0,0,0,-17,4294967.500,3885955.500,0,0,0,0,0,422.860,18000
361961173,2024,2,11,17,32,34,3,0,0,0,0,-17,4294967.500,3885994.500,0,0,0,0,0,422.879,18000
362376784,2024,2,11,17,32,34,3,0,0,0,0,-17,4294967.500,3886033.500,0,0,0,0,0,422.898,18000
362887310,2024,2,11,17,32,35,3,0,0,0,0,-17,4294967.500,3886082.000,0,0,0,0,0,422.922,18000
363264433,2024,2,11,17,32,35,3,0,0,0,0,-17,4294967.500,3886121.000,0,0,0,0,0,422.941,18000
363649376,2024,2,11,17,32,35,3,0,0,0,0,-17,4294967.500,3886159.750,0,0,0,0,0,422.959,18000
364045100,2024,2,11,17,32,36,3,0,0,0,0,-17,4294967.500,3886198.750,0,0,0,0,0,422.978,18000
364438050,2024,2,11,17,32,36,3,0,0,0,0,-17,4294967.500,3886237.750,0,0,0,0,0,422.997,18000
364891551,2024,2,11,17,32,37,3,0,0,0,0,-17,4294967.500,3886276.750,0,0,0,0,0,423.016,18000
365235746,2024,2,11,17,32,37,3,0,0,0,0,-17,4294967.500,3886315.750,0,0,0,0,0,423.035,18000
365634768,2024,2,11,17,32,37,3,0,0,0,0,-17,4294967.500,3886354.750,0,0,0,0,0,423.054,18000
366124229,2024,2,11,17,32,38,3,0,0,0,0,-17,4294967.500,3886403.500,0,0,0,0,0,423.078,18000
366519920,2024,2,11,17,32,38,3,0,0,0,0,-17,4294967.500,3886442.500,0,0,0,0,0,423.097,18000
367041270,2024,2,11,17,32,39,3,0,0,0,0,-17,4294967.500,3886491.250,0,0,0,0,0,423.120,18000
367519936,2024,2,11,17,32,39,3,0,0,0,0,-17,4294967.500,3886540.000,0,0,0,0,0,423.144,18000
367891551,2024,2,11,17,32,40,3,0,0,0,0,-17,4294967.500,3886579.000,0,0,0,0,0,423.163,18000
368297804,2024,2,11,17,32,40,3,0,0,0,0,-17,4294967.500,3886618.000,0,0,0,0,0,423.182,18000
368693535,2024,2,11,17,32,40,3,0,0,0,0,-17,4294967.500,3886657.000,0,0,0,0,0,423.201,18000
369099782,2024,2,11,17,32,41,3,0,0,0,0,-17,4294967.500,3886696.000,0,0,0,0,0,423.219,18000
369485696,2024,2,11,17,32,41,3,0,0,0,0,-17,4294967.500,3886735.000,0,0,0,0,0,423.238,18000
369877893,2024,2,11,17,32,42,3,0,0,0,0,-17,4294967.500,3886774.250,0,0,0,0,0,423.257,18000
370294167,2024,2,11,17,32,42,3,0,0,0,0,-17,4294967.500,3886813.250,0,0,0,0,0,423.276,18000
370675338,2024,2,11,17,32,42,3,0,0,0,0,-17,4294967.500,3886852.250,0,0,0,0,0,423.295,18000
371076340,2024,2,11,17,32,43,3,0,0,0,0,-17,4294967.500,3886891.250,0,0,0,0,0,423.314,18000
371473049,2024,2,11,17,32,43,3,0,0,0,0,-17,4294967.500,3886930.250,0,0,0,0,0,423.333,18000
371857296,2024,2,11,17,32,44,3,0,0,0,0,-17,4294967.500,3886969.500,0,0,0,0,0,423.352,18000
372262496,2024,2,11,17,32,44,3,0,0,0,0,-17,4294967.500,3887008.500,0,0,0,0,0,423.371,18000
372658964,2024,2,11,17,32,44,3,0,0,0,0,-17,4294967.500,3887047.500,0,0,0,0,0,423.390,18000
373056231,2024,2,11,17,32,45,3,0,0,0,0,-17,4294967.500,3887086.500,0,0,0,0,0,423.408,18000
373446647,2024,2,11,17,32,45,3,0,0,0,0,-17,4294967.500,3887125.750,0,0,0,0,0,423.427,18000
373844326,2024,2,11,17,32,46,3,0,0,0,0,-17,4294967.500,3887164.750,0,0,0,0,0,423.446,18000
374233125,2024,2,11,17,32,46,3,0,0,0,0,-17,4294967.500,3887204.000,0,0,0,0,0,423.465,18000
374634131,2024,2,11,17,32,46,3,0,0,0,0,-17,4294967.500,3887243.000,0,0,0,0,0,423.484,18000
375029826,2024,2,11,17,32,47,3,0,0,0,0,-17,4294967.500,3887282.000,0,0,0,0,0,423.503,18000
375430819,2024,2,11,17,32,47,3,0,0,0,0,-17,4294967.500,3887321.250,0,0,0,0,0,423.522,18000
375818506,2024,2,11,17,32,48,3,0,0,0,0,-17,4294967.500,3887360.250,0,0,0,0,0,423.541,18000
376220230,2024,2,11,17,32,48,3,0,0,0,0,-17,4294967.500,3887399.250,0,0,0,0,0,423.560,18000
376621233,2024,2,11,17,32,48,3,0,0,0,0,-17,4294967.500,3887438.500,0,0,0,0,0,423.578,18000
377011651,2024,2,11,17,32,49,3,0,0,0,0,-17,4294967.500,3887477.750,0,0,0,0,0,423.597,18000
377413644,2024,2,11,17,32,49,3,0,0,0,0,-17,4294967.500,3887516.750,0,0,0,0,0,423.616,18000
377797578,2024,2,11,17,32,50,3,0,0,0,0,-17,4294967.500,3887556.000,0,0,0,0,0,423.635,18000
378200105,2024,2,11,17,32,50,3,0,0,0,0,-17,4294967.500,3887595.000,0,0,0,0,0,423.654,18000
378595824,2024,2,11,17,32,50,3,0,0,0,0,-17,4294967.500,3887634.250,0,0,0,0,0,423.673,18000
378996826,2024,2,11,17,32,51,3,0,0,0,0,-17,4294967.500,3887673.500,0,0,0,0,0,423.692,18000
379387675,2024,2,11,17,32,51,3,0,0,0,0,-17,4294967.500,3887712.750,0,0,0,0,0,423.711,18000
379784248,2024,2,11,17,32,52,3,0,0,0,0,-17,4294967.500,3887751.750,0,0,0,0,0,423.730,18000
380180958,2024,2,11,17,32,52,3,0,0,0,0,-17,4294967.500,3887791.000,0,0,0,0,0,423.748,18000
380581959,2024,2,11,17,32,52,3,0,0,0,0,-17,4294967.500,3887830.000,0,0,0,0,0,423.767,18000
380980850,2024,2,11,17,32,53,3,0,0,0,0,-17,4294967.500,3887869.250,0,0,0,0,0,423.786,18000
381357992,2024,2,11,17,32,53,3,0,0,0,0,-17,4294967.500,3887908.500,0,0,0,0,0,423.805,18000
381758974,2024,2,11,17,32,54,3,0,0,0,0,-17,4294967.500,3887947.750,0,0,0,0,0,423.824,18000
382154439,2024,2,11,17,32,54,3,0,0,0,0,-17,4294967.500,3887987.000,0,0,0,0,0,423.843,18000
382550162,2024,2,11,17,32,54,3,0,0,0,0,-17,4294967.500,3888026.000,0,0,0,0,0,423.862,18000
382950160,2024,2,11,17,32,55,3,0,0,0,0,-17,4294967.500,3888065.250,0,0,0,0,0,423.881,18000
383342766,2024,2,11,17,32,55,3,0,0,0,0,-17,4294967.500,3888104.500,0,0,0,0,0,423.899,18000
383742908,2024,2,11,17,32,56,3,0,0,0,0,-17,4294967.500,3888143.750,0,0,0,0,0,423.918,18000
384134208,2024,2,11,17,32,56,3,0,0,0,0,-17,4294967.500,3888182.750,0,0,0,0,0,423.937,18000
384540455,2024,2,11,17,32,56,3,0,0,0,0,-17,4294967.500,3888222.000,0,0,0,0,0,423.956,18000
384928148,2024,2,11,17,32,57,3,0,0,0,0,-17,4294967.500,3888261.000,0,0,0,0,0,423.975,18000
385318580,2024,2,11,17,32,57,3,0,0,0,0,-17,4294967.500,3888300.250,0,0,0,0,0,423.994,18000
385719571,2024,2,11,17,32,58,3,0,0,0,0,-17,4294967.500,3888339.500,0,0,0,0,0,424.013,18000
386125844,2024,2,11,17,32,58,3,0,0,0,0,-17,4294967.500,3888378.500,0,0,0,0,0,424.032,18000
386517276,2024,2,11,17,32,58,3,0,0,0,0,-17,4294967.500,3888417.750,0,0,0,0,0,424.050,18000
386918278,2024,2,11,17,32,59,3,0,0,0,0,-17,4294967.500,3888456.750,0,0,0,0,0,424.069,18000
387324524,2024,2,11,17,32,59,3,0,0,0,0,-17,4294967.500,3888496.250,0,0,0,0,0,424.088,18000
387708471,2024,2,11,17,33,0,3,0,0,0,0,-17,4294967.500,3888535.250,0,0,0,0,0,424.107,18000
388114203,2024,2,11,17,33,0,3,0,0,0,0,-17,4294967.500,3888574.500,0,0,0,0,0,424.126,18000
388496597,2024,2,11,17,33,0,3,0,0,0,0,-17,4294967.500,3888613.500,0,0,0,0,0,424.145,18000
388995036,2024,2,11,17,33,1,3,0,0,0,0,-17,4294967.500,3888662.500,0,0,0,0,0,424.168,18000
389397578,2024,2,11,17,33,1,3,0,0,0,0,-17,4294967.500,3888701.750,0,0,0,0,0,424.187,18000
389782519,2024,2,11,17,33,2,3,0,0,0,0,-17,4294967.500,3888741.000,0,0,0,0,0,424.206,18000
390179081,2024,2,11,17,33,2,3,0,0,0,0,-17,4294967.500,3888780.250,0,0,0,0,0,424.225,18000
390664340,2024,2,11,17,33,3,3,0,0,0,0,-17,4294967.500,3888829.250,0,0,0,0,0,424.248,18000
391074802,2024,2,11,17,33,3,3,0,0,0,0,-17,4294967.500,3888868.500,0,0,0,0,0,424.267,18000
391477772,2024,2,11,17,33,3,3,0,0,0,0,-17,4294967.500,3888907.750,0,0,0,0,0,424.286,18000
391867897,2024,2,11,17,33,4,3,0,0,0,0,-17,4294967.500,3888947.000,0,0,0,0,0,424.305,18000
392265448,2024,2,11,17,33,4,3,0,0,0,0,-17,4294967.500,3888986.250,0,0,0,0,0,424.324,18000
392649378,2024,2,11,17,33,5,3,0,0,0,0,-17,4294967.500,3889025.500,0,0,0,0,0,424.343,18000
393056891,2024,2,11,17,33,5,3,0,0,0,0,-17,4294967.500,3889064.750,0,0,0,0,0,424.362,18000
393457870,2024,2,11,17,33,5,3,0,0,0,0,-17,4294967.500,3889103.750,0,0,0,0,0,424.380,18000
393848313,2024,2,11,17,33,6,3,0,0,0,0,-17,4294967.500,3889143.250,0,0,0,0,0,424.399,18000
394253340,2024,2,11,17,33,6,3,0,0,0,0,-17,4294967.500,3889182.500,0,0,0,0,0,424.418,18000
394641035,2024,2,11,17,33,7,3,0,0,0,0,-17,4294967.500,3889221.750,0,0,0,0,0,424.437,18000
395032444,2024,2,11,17,33,7,3,0,0,0,0,-17,4294967.500,3889261.000,0,0,0,0,0,424.456,18000
395431366,2024,2,11,17,33,7,3,0,0,0,0,-17,4294967.500,3889300.250,0,0,0,0,0,424.475,18000
395821805,2024,2,11,17,33,8,3,0,0,0,0,-17,4294967.500,3889339.750,0,0,0,0,0,424.493,18000
396222772,2024,2,11,17,33,8,3,0,0,0,0,-17,4294967.500,3889378.750,0,0,0,0,0,424.512,18000
396614822,2024,2,11,17,33,9,3,0,0,0,0,-17,4294967.500,3889418.250,0,0,0,0,0,424.531,18000
397011084,2024,2,11,17,33,9,3,0,0,0,0,-17,4294967.500,3889457.500,0,0,0,0,0,424.550,18000
397412670,2024,2,11,17,33,9,3,0,0,0,0,-17,4294967.500,3889496.750,0,0,0,0,0,424.569,18000
397805042,2024,2,11,17,33,10,3,0,0,0,0,-17,4294967.500,3889536.250,0,0,0,0,0,424.588,18000
398199455,2024,2,11,17,33,10,3,0,0,0,0,-17,4294967.500,3889575.500,0,0,0,0,0,424.607,18000
398585705,2024,2,11,17,33,11,3,0,0,0,0,-17,4294967.500,3889614.750,0,0,0,0,0,424.625,18000
398987218,2024,2,11,17,33,11,3,0,0,0,0,-17,4294967.500,3889654.250,0,0,0,0,0,424.644,18000
399383592,2024,2,11,17,33,11,3,0,0,0,0,-17,4294967.500,3889693.500,0,0,0,0,0,424.663,18000
399789565,2024,2,11,17,33,12,3,0,0,0,0,-17,4294967.500,3889732.750,0,0,0,0,0,424.682,18000
400190208,2024,2,11,17,33,12,3,0,0,0,0,-17,4294967.500,3889772.250,0,0,0,0,0,424.701,18000
400572048,2024,2,11,17,33,13,3,0,0,0,0,-17,4294967.500,3889811.500,0,0,0,0,0,424.720,18000
400981174,2024,2,11,17,33,13,3,0,0,0,0,-17,4294967.500,3889851.000,0,0,0,0,0,424.738,18000
401382908,2024,2,11,17,33,13,3,0,0,0,0,-17,4294967.500,3889890.250,0,0,0,0,0,424.757,18000
401764441,2024,2,11,17,33,14,3,0,0,0,0,-17,4294967.500,3889929.750,0,0,0,0,0,424.776,18000
402158766,2024,2,11,17,33,14,3,0,0,0,0,-17,4294967.500,3889969.000,0,0,0,0,0,424.795,18000
402554142,2024,2,11,17,33,15,3,0,0,0,0,-17,4294967.500,3890008.250,0,0,0,0,0,424.814,18000
402960942,2024,2,11,17,33,15,3,0,0,0,0,-17,4294967.500,3890047.750,0,0,0,0,0,424.833,18000
403352454,2024,2,11,17,33,15,3,0,0,0,0,-17,4294967.500,3890087.250,0,0,0,0,0,424.851,18000
403748707,2024,2,11,17,33,16,3,0,0,0,0,-17,4294967.500,3890126.500,0,0,0,0,0,424.870,18000
404153812,2024,2,11,17,33,16,3,0,0,0,0,-17,4294967.500,3890166.000,0,0,0,0,0,424.889,18000
404534634,2024,2,11,17,33,17,3,0,0,0,0,-17,4294967.500,3890205.500,0,0,0,0,0,424.908,18000
404932771,2024,2,11,17,33,17,3,0,0,0,0,-17,4294967.500,3890244.750,0,0,0,0,0,424.927,18000
405333462,2024,2,11,17,33,17,3,0,0,0,0,-17,4294967.500,3890284.250,0,0,0,0,0,424.946,18000
405724824,2024,2,11,17,33,18,3,0,0,0,0,-17,4294967.500,3890323.500,0,0,0,0,0,424.964,18000
406125513,2024,2,11,17,33,18,3,0,0,0,0,-17,4294967.500,3890363.000,0,0,0,0,0,424.983,18000
406520340,2024,2,11,17,33,19,3,0,0,0,0,-17,4294967.500,3890402.500,0,0,0,0,0,425.002,18000
406930677,2024,2,11,17,33,19,3,0,0,0,0,-17,4294967.500,3890442.000,0,0,0,0,0,425.021,18000
407331372,2024,2,11,17,33,19,3,0,0,0,0,-17,4294967.500,3890481.500,0,0,0,0,0,425.040,18000
407710008,2024,2,11,17,33,20,3,0,0,0,0,-17,4294967.500,3890520.750,0,0,0,0,0,425.058,18000
408108604,2024,2,11,17,33,20,3,0,0,0,0,-17,4294967.500,3890560.250,0,0,0,0,0,425.077,18000
408497473,2024,2,11,17,33,21,3,0,0,0,0,-17,4294967.500,3890599.750,0,0,0,0,0,425.096,18000
408913623,2024,2,11,17,33,21,3,0,0,0,0,-17,4294967.500,3890639.250,0,0,0,0,0,425.115,18000
409288098,2024,2,11,17,33,21,3,0,0,0,0,-17,4294967.500,3890678.750,0,0,0,0,0,425.134,18000
409688763,2024,2,11,17,33,22,3,0,0,0,0,-17,4294967.500,3890718.250,0,0,0,0,0,425.153,18000
410078884,2024,2,11,17,33,22,3,0,0,0,0,-17,4294967.500,3890757.750,0,0,0,0,0,425.171,18000
410470939,2024,2,11,17,33,23,3,0,0,0,0,-17,4294967.500,3890797.000,0,0,0,0,0,425.190,18000
410876874,2024,2,11,17,33,23,3,0,0,0,0,-17,4294967.500,3890836.500,0,0,0,0,0,425.209,18000
411272283,2024,2,11,17,33,23,3,0,0,0,0,-17,4294967.500,3890876.000,0,0,0,0,0,425.228,18000
411670716,2024,2,11,17,33,24,3,0,0,0,0,-17,4294967.500,3890915.750,0,0,0,0,0,425.247,18000
412065010,2024,2,11,17,33,24,3,0,0,0,0,-17,4294967.500,3890955.250,0,0,0,0,0,425.265,18000
412452028,2024,2,11,17,33,25,3,0,0,0,0,-17,4294967.500,3890994.750,0,0,0,0,0,425.284,18000
412858853,2024,2,11,17,33,25,3,0,0,0,0,-17,4294967.500,3891034.250,0,0,0,0,0,425.303,18000
413276924,2024,2,11,17,33,25,3,0,0,0,0,-17,4294967.500,3891073.750,0,0,0,0,0,425.322,18000
413655543,2024,2,11,17,33,26,3,0,0,0,0,-17,4294967.500,3891113.250,0,0,0,0,0,425.341,18000
414046953,2024,2,11,17,33,26,3,0,0,0,0,-17,4294967.500,3891152.750,0,0,0,0,0,425.360,18000
414431555,2024,2,11,17,33,27,3,0,0,0,0,-17,4294967.500,3891192.250,0,0,0,0,0,425.378,18000
414838731,2024,2,11,17,33,27,3,0,0,0,0,-17,4294967.500,3891231.750,0,0,0,0,0,425.397,18000
415230100,2024,2,11,17,33,27,3,0,0,0,0,-17,4294967.500,3891271.500,0,0,0,0,0,425.416,18000
415625694,2024,2,11,17,33,28,3,0,0,0,0,-17,4294967.500,3891311.000,0,0,0,0,0,425.435,18000
416025616,2024,2,11,17,33,28,3,0,0,0,0,-17,4294967.500,3891350.500,0,0,0,0,0,425.454,18000
416406601,2024,2,11,17,33,29,3,0,0,0,0,-17,4294967.500,3891390.000,0,0,0,0,0,425.472,18000
416812542,2024,2,11,17,33,29,3,0,0,0,0,-17,4294967.500,3891429.750,0,0,0,0,0,425.491,18000
417207920,2024,2,11,17,33,29,3,0,0,0,0,-17,4294967.500,3891469.250,0,0,0,0,0,425.510,18000
417613870,2024,2,11,17,33,30,3,0,0,0,0,-17,4294967.500,3891508.750,0,0,0,0,0,425.529,18000
417996486,2024,2,11,17,33,30,3,0,0,0,0,-17,4294967.500,3891548.500,0,0,0,0,0,425.548,18000
418382721,2024,2,11,17,33,31,3,0,0,0,0,-17,4294967.500,3891588.000,0,0,0,0,0,425.566,18000
418798796,2024,2,11,17,33,31,3,0,0,0,0,-17,4294967.500,3891627.750,0,0,0,0,0,425.585,18000
419191180,2024,2,11,17,33,31,3,0,0,0,0,-17,4294967.500,3891667.250,0,0,0,0,0,425.604,18000
419590869,2024,2,11,17,33,32,3,0,0,0,0,-17,4294967.500,3891706.500,0,0,0,0,0,425.623,18000
419987245,2024,2,11,17,33,32,3,0,0,0,0,-17,4294967.500,3891746.500,0,0,0,0,0,425.642,18000
420386685,2024,2,11,17,33,33,3,0,0,0,0,-17,4294967.500,3891786.250,0,0,0,0,0,425.660,18000
420779971,2024,2,11,17,33,33,3,0,0,0,0,-17,4294967.500,3891826.500,0,0,0,0,0,425.679,18000
421175366,2024,2,11,17,33,33,3,0,0,0,0,-17,4294967.500,3891866.500,0,0,0,0,0,425.698,18000
421565906,2024,2,11,17,33,34,3,0,0,0,0,-17,4294967.500,3891906.750,0,0,0,0,0,425.717,18000
421972683,2024,2,11,17,33,34,3,0,0,0,0,-17,4294967.500,3891947.000,0,0,0,0,0,425.735,18000
422358522,2024,2,11,17,33,35,3,0,0,0,0,-17,4294967.500,3891987.250,0,0,0,0,0,425.754,18000
422764454,2024,2,11,17,33,35,3,0,0,0,0,-17,4294967.500,3892027.250,0,0,0,0,0,425.773,18000
423154437,2024,2,11,17,33,35,3,0,0,0,0,-17,4294967.500,3892067.500,0,0,0,0,0,425.792,18000
423549850,2024,2,11,17,33,36,3,0,0,0,0,-17,4294967.500,3892107.750,0,0,0,0,0,425.811,18000
423937173,2024,2,11,17,33,36,3,0,0,0,0,-17,4294967.500,3892148.000,0,0,0,0,0,425.829,18000
424336606,2024,2,11,17,33,37,3,0,0,0,0,-17,4294967.500,3892188.250,0,0,0,0,0,425.848,18000
424738291,2024,2,11,17,33,37,3,0,0,0,0,-17,4294967.500,3892228.500,0,0,0,0,0,425.867,18000
425272614,2024,2,11,17,33,38,3,0,0,0,0,-17,4294967.500,3892278.750,0,0,0,0,0,425.890,18000
425625811,2024,2,11,17,33,38,3,0,0,0,0,-17,4294967.500,3892319.000,0,0,0,0,0,425.909,18000
